poisoned_models/test/poisoned_vggmod_CIFAR-10_0000.pt,0.7703,1.3101972877979278
poisoned_models/test/poisoned_vggmod_CIFAR-10_0001.pt,0.7692,1.2189972221851348
poisoned_models/test/poisoned_vggmod_CIFAR-10_0002.pt,0.7676,1.2949619829654693
poisoned_models/test/poisoned_vggmod_CIFAR-10_0003.pt,0.7765,1.4297224402427673
poisoned_models/test/poisoned_vggmod_CIFAR-10_0004.pt,0.7705,1.294040822982788
poisoned_models/test/poisoned_vggmod_CIFAR-10_0005.pt,0.7771,1.2008080303668975
poisoned_models/test/poisoned_vggmod_CIFAR-10_0006.pt,0.7686,1.2857611775398254
poisoned_models/test/poisoned_vggmod_CIFAR-10_0007.pt,0.7704,1.3420904457569123
poisoned_models/test/poisoned_vggmod_CIFAR-10_0008.pt,0.781,1.2833912044763565
poisoned_models/test/poisoned_vggmod_CIFAR-10_0009.pt,0.769,1.2604097336530686
poisoned_models/test/poisoned_vggmod_CIFAR-10_0010.pt,0.761,1.3463055670261384
poisoned_models/test/poisoned_vggmod_CIFAR-10_0011.pt,0.7694,1.3626121997833252
poisoned_models/test/poisoned_vggmod_CIFAR-10_0012.pt,0.7486,1.365484857559204
poisoned_models/test/poisoned_vggmod_CIFAR-10_0013.pt,0.7679,1.2413868069648744
poisoned_models/test/poisoned_vggmod_CIFAR-10_0014.pt,0.7565,1.0732982367277146
poisoned_models/test/poisoned_vggmod_CIFAR-10_0015.pt,0.7683,1.1938543885946273
poisoned_models/test/poisoned_vggmod_CIFAR-10_0016.pt,0.7705,0.7676511108875275
poisoned_models/test/poisoned_vggmod_CIFAR-10_0017.pt,0.7748,1.3661704540252686
poisoned_models/test/poisoned_vggmod_CIFAR-10_0018.pt,0.7533,1.3485607147216796
poisoned_models/test/poisoned_vggmod_CIFAR-10_0019.pt,0.7774,1.1776531904935836
poisoned_models/test/poisoned_vggmod_CIFAR-10_0020.pt,0.7753,1.195244425535202
poisoned_models/test/poisoned_vggmod_CIFAR-10_0021.pt,0.7544,1.4598796844482422
poisoned_models/test/poisoned_vggmod_CIFAR-10_0022.pt,0.7669,1.1192841976881027
poisoned_models/test/poisoned_vggmod_CIFAR-10_0023.pt,0.7716,1.3026252210140228
poisoned_models/test/poisoned_vggmod_CIFAR-10_0024.pt,0.7729,1.4254228591918945
poisoned_models/test/poisoned_vggmod_CIFAR-10_0025.pt,0.7652,1.077574324607849
poisoned_models/test/poisoned_vggmod_CIFAR-10_0026.pt,0.7678,1.4332962810993195
poisoned_models/test/poisoned_vggmod_CIFAR-10_0027.pt,0.7656,1.401447629928589
poisoned_models/test/poisoned_vggmod_CIFAR-10_0028.pt,0.7595,1.4071984589099884
poisoned_models/test/poisoned_vggmod_CIFAR-10_0029.pt,0.7744,1.2946563243865967
poisoned_models/test/poisoned_vggmod_CIFAR-10_0030.pt,0.7632,1.324145996570587
poisoned_models/test/poisoned_vggmod_CIFAR-10_0031.pt,0.7707,1.3865238726139069
poisoned_models/test/poisoned_vggmod_CIFAR-10_0032.pt,0.765,1.435598909854889
poisoned_models/test/poisoned_vggmod_CIFAR-10_0033.pt,0.78,1.2649412482976914
poisoned_models/test/poisoned_vggmod_CIFAR-10_0034.pt,0.7745,1.2574764251708985
poisoned_models/test/poisoned_vggmod_CIFAR-10_0035.pt,0.7715,1.2970231235027314
poisoned_models/test/poisoned_vggmod_CIFAR-10_0036.pt,0.7535,1.5273582577705382
poisoned_models/test/poisoned_vggmod_CIFAR-10_0037.pt,0.7584,1.2687878012657166
poisoned_models/test/poisoned_vggmod_CIFAR-10_0038.pt,0.7686,1.4067366898059845
poisoned_models/test/poisoned_vggmod_CIFAR-10_0039.pt,0.7828,1.2344670355319978
poisoned_models/test/poisoned_vggmod_CIFAR-10_0040.pt,0.7582,1.2756040036678313
poisoned_models/test/poisoned_vggmod_CIFAR-10_0041.pt,0.7696,1.1927591294050217
poisoned_models/test/poisoned_vggmod_CIFAR-10_0042.pt,0.7703,1.273598450422287
poisoned_models/test/poisoned_vggmod_CIFAR-10_0043.pt,0.7666,1.3643656432628632
poisoned_models/test/poisoned_vggmod_CIFAR-10_0044.pt,0.7781,1.2909140586853027
poisoned_models/test/poisoned_vggmod_CIFAR-10_0045.pt,0.7869,1.248210036754608
poisoned_models/test/poisoned_vggmod_CIFAR-10_0046.pt,0.7514,1.4170273840427399
poisoned_models/test/poisoned_vggmod_CIFAR-10_0047.pt,0.7759,1.305941891670227
poisoned_models/test/poisoned_vggmod_CIFAR-10_0048.pt,0.7694,1.2791656732559205
poisoned_models/test/poisoned_vggmod_CIFAR-10_0049.pt,0.773,1.305521047115326
poisoned_models/test/poisoned_vggmod_CIFAR-10_0050.pt,0.7719,1.2696570038795472
poisoned_models/test/poisoned_vggmod_CIFAR-10_0051.pt,0.7717,1.3289913356304168
poisoned_models/test/poisoned_vggmod_CIFAR-10_0052.pt,0.7572,1.4633260130882264
poisoned_models/test/poisoned_vggmod_CIFAR-10_0053.pt,0.761,1.388547682762146
poisoned_models/test/poisoned_vggmod_CIFAR-10_0054.pt,0.7651,1.328884744644165
poisoned_models/test/poisoned_vggmod_CIFAR-10_0055.pt,0.7671,1.2934026896953583
poisoned_models/test/poisoned_vggmod_CIFAR-10_0056.pt,0.7734,1.336321347951889
poisoned_models/test/poisoned_vggmod_CIFAR-10_0057.pt,0.7677,1.2536307275295258
poisoned_models/test/poisoned_vggmod_CIFAR-10_0058.pt,0.7759,1.3438684523105622
poisoned_models/test/poisoned_vggmod_CIFAR-10_0059.pt,0.7706,1.3054665327072144
poisoned_models/test/poisoned_vggmod_CIFAR-10_0060.pt,0.7667,1.0421548813581467
poisoned_models/test/poisoned_vggmod_CIFAR-10_0061.pt,0.7632,1.4385147392749786
poisoned_models/test/poisoned_vggmod_CIFAR-10_0062.pt,0.7702,1.2688638150691987
poisoned_models/test/poisoned_vggmod_CIFAR-10_0063.pt,0.7658,1.3547430992126466
poisoned_models/test/poisoned_vggmod_CIFAR-10_0064.pt,0.7695,1.2018544167280196
poisoned_models/test/poisoned_vggmod_CIFAR-10_0065.pt,0.7712,1.1479661524295808
poisoned_models/test/poisoned_vggmod_CIFAR-10_0066.pt,0.7682,1.1521079033613204
poisoned_models/test/poisoned_vggmod_CIFAR-10_0067.pt,0.7571,1.4010794818401338
poisoned_models/test/poisoned_vggmod_CIFAR-10_0068.pt,0.7644,1.290858656167984
poisoned_models/test/poisoned_vggmod_CIFAR-10_0069.pt,0.7622,1.1198257476091384
poisoned_models/test/poisoned_vggmod_CIFAR-10_0070.pt,0.7695,1.0554379552602768
poisoned_models/test/poisoned_vggmod_CIFAR-10_0071.pt,0.7597,1.3760808944702148
poisoned_models/test/poisoned_vggmod_CIFAR-10_0072.pt,0.7632,1.4057480990886688
poisoned_models/test/poisoned_vggmod_CIFAR-10_0073.pt,0.7791,1.2645587682724
poisoned_models/test/poisoned_vggmod_CIFAR-10_0074.pt,0.767,1.4281193017959595
poisoned_models/test/poisoned_vggmod_CIFAR-10_0075.pt,0.7663,1.3493879318237305
poisoned_models/test/poisoned_vggmod_CIFAR-10_0076.pt,0.7413,1.7394116997718811
poisoned_models/test/poisoned_vggmod_CIFAR-10_0077.pt,0.7598,1.304202914237976
poisoned_models/test/poisoned_vggmod_CIFAR-10_0078.pt,0.7618,1.1996637105941772
poisoned_models/test/poisoned_vggmod_CIFAR-10_0079.pt,0.7695,1.399101161956787
poisoned_models/test/poisoned_vggmod_CIFAR-10_0080.pt,0.7747,1.264914447069168
poisoned_models/test/poisoned_vggmod_CIFAR-10_0081.pt,0.7763,1.1129862457513808
poisoned_models/test/poisoned_vggmod_CIFAR-10_0082.pt,0.7694,1.2172040462493896
poisoned_models/test/poisoned_vggmod_CIFAR-10_0083.pt,0.7677,1.3468536257743835
poisoned_models/test/poisoned_vggmod_CIFAR-10_0084.pt,0.7719,1.3638247489929198
poisoned_models/test/poisoned_vggmod_CIFAR-10_0085.pt,0.775,1.2866688132286073
poisoned_models/test/poisoned_vggmod_CIFAR-10_0086.pt,0.7657,1.341263049840927
poisoned_models/test/poisoned_vggmod_CIFAR-10_0087.pt,0.773,1.3219334125518798
poisoned_models/test/poisoned_vggmod_CIFAR-10_0088.pt,0.7787,1.1523701936006545
poisoned_models/test/poisoned_vggmod_CIFAR-10_0089.pt,0.7624,1.4062224864959716
poisoned_models/test/poisoned_vggmod_CIFAR-10_0090.pt,0.775,1.2522640109062195
poisoned_models/test/poisoned_vggmod_CIFAR-10_0091.pt,0.7708,1.2435726284980775
poisoned_models/test/poisoned_vggmod_CIFAR-10_0092.pt,0.7733,1.3334388613700867
poisoned_models/test/poisoned_vggmod_CIFAR-10_0093.pt,0.7638,1.2064565747976304
poisoned_models/test/poisoned_vggmod_CIFAR-10_0094.pt,0.7799,1.282501232624054
poisoned_models/test/poisoned_vggmod_CIFAR-10_0095.pt,0.7829,1.2968139052391052
poisoned_models/test/poisoned_vggmod_CIFAR-10_0096.pt,0.7741,1.0918965578079223
poisoned_models/test/poisoned_vggmod_CIFAR-10_0097.pt,0.7585,1.421456664800644
poisoned_models/test/poisoned_vggmod_CIFAR-10_0098.pt,0.7825,1.1789436787366867
poisoned_models/test/poisoned_vggmod_CIFAR-10_0099.pt,0.7627,1.2273186802864076
poisoned_models/trainval/poisoned_vggmod_CIFAR-10_0000.pt,0.7637,1.4713910281658173
poisoned_models/trainval/poisoned_vggmod_CIFAR-10_0001.pt,0.7718,1.302519279718399
poisoned_models/trainval/poisoned_vggmod_CIFAR-10_0002.pt,0.7595,1.147698202729225
poisoned_models/trainval/poisoned_vggmod_CIFAR-10_0003.pt,0.7514,1.5159648716449738
poisoned_models/trainval/poisoned_vggmod_CIFAR-10_0004.pt,0.7811,1.1838857293128968
poisoned_models/trainval/poisoned_vggmod_CIFAR-10_0005.pt,0.7533,1.3218086242675782
poisoned_models/trainval/poisoned_vggmod_CIFAR-10_0006.pt,0.7627,1.4037607312202454
poisoned_models/trainval/poisoned_vggmod_CIFAR-10_0007.pt,0.787,1.2214247226715087
poisoned_models/trainval/poisoned_vggmod_CIFAR-10_0008.pt,0.7649,1.2324915051460266
poisoned_models/trainval/poisoned_vggmod_CIFAR-10_0009.pt,0.7668,1.213356801867485
poisoned_models/trainval/poisoned_vggmod_CIFAR-10_0010.pt,0.7686,1.30338876247406
poisoned_models/trainval/poisoned_vggmod_CIFAR-10_0011.pt,0.7797,1.2414284467697143
poisoned_models/trainval/poisoned_vggmod_CIFAR-10_0012.pt,0.7594,1.2454676687717439
poisoned_models/trainval/poisoned_vggmod_CIFAR-10_0013.pt,0.7787,1.1750945687294005
poisoned_models/trainval/poisoned_vggmod_CIFAR-10_0014.pt,0.7723,1.0652870386838913
poisoned_models/trainval/poisoned_vggmod_CIFAR-10_0015.pt,0.7802,1.2266298860311509
poisoned_models/trainval/poisoned_vggmod_CIFAR-10_0016.pt,0.7779,1.2440487563610076
poisoned_models/trainval/poisoned_vggmod_CIFAR-10_0017.pt,0.7634,1.2870448887348176
poisoned_models/trainval/poisoned_vggmod_CIFAR-10_0018.pt,0.7683,1.2342748582363128
poisoned_models/trainval/poisoned_vggmod_CIFAR-10_0019.pt,0.7687,1.2396222174167633
poisoned_models/trainval/poisoned_vggmod_CIFAR-10_0020.pt,0.7642,1.4004053473472595
poisoned_models/trainval/poisoned_vggmod_CIFAR-10_0021.pt,0.7556,1.438472992181778
poisoned_models/trainval/poisoned_vggmod_CIFAR-10_0022.pt,0.7709,1.2101931005716324
poisoned_models/trainval/poisoned_vggmod_CIFAR-10_0023.pt,0.7554,1.181450366973877
poisoned_models/trainval/poisoned_vggmod_CIFAR-10_0024.pt,0.7652,1.3723401129245758
poisoned_models/trainval/poisoned_vggmod_CIFAR-10_0025.pt,0.7659,1.3283525168895722
poisoned_models/trainval/poisoned_vggmod_CIFAR-10_0026.pt,0.7692,1.157597017288208
poisoned_models/trainval/poisoned_vggmod_CIFAR-10_0027.pt,0.7551,1.1924083918333053
poisoned_models/trainval/poisoned_vggmod_CIFAR-10_0028.pt,0.7711,1.2343389123678208
poisoned_models/trainval/poisoned_vggmod_CIFAR-10_0029.pt,0.758,1.3893482089042664
poisoned_models/trainval/poisoned_vggmod_CIFAR-10_0030.pt,0.7645,1.3733361780643463
poisoned_models/trainval/poisoned_vggmod_CIFAR-10_0031.pt,0.7639,1.2360316932201385
poisoned_models/trainval/poisoned_vggmod_CIFAR-10_0032.pt,0.7627,1.3285448849201202
poisoned_models/trainval/poisoned_vggmod_CIFAR-10_0033.pt,0.7662,1.2589565515518188
poisoned_models/trainval/poisoned_vggmod_CIFAR-10_0034.pt,0.7686,1.265326377749443
poisoned_models/trainval/poisoned_vggmod_CIFAR-10_0035.pt,0.7787,1.289212554693222
poisoned_models/trainval/poisoned_vggmod_CIFAR-10_0036.pt,0.7685,1.281508994102478
poisoned_models/trainval/poisoned_vggmod_CIFAR-10_0037.pt,0.7666,1.284320020675659
poisoned_models/trainval/poisoned_vggmod_CIFAR-10_0038.pt,0.7677,1.3254722833633423
poisoned_models/trainval/poisoned_vggmod_CIFAR-10_0039.pt,0.7814,1.3391238868236541
poisoned_models/trainval/poisoned_vggmod_CIFAR-10_0040.pt,0.7591,1.1544602453708648
poisoned_models/trainval/poisoned_vggmod_CIFAR-10_0041.pt,0.7536,1.212411317229271
poisoned_models/trainval/poisoned_vggmod_CIFAR-10_0042.pt,0.769,1.3431059300899506
poisoned_models/trainval/poisoned_vggmod_CIFAR-10_0043.pt,0.7675,1.2461542963981629
poisoned_models/trainval/poisoned_vggmod_CIFAR-10_0044.pt,0.768,1.2236301243305205
poisoned_models/trainval/poisoned_vggmod_CIFAR-10_0045.pt,0.788,1.3141773879528045
poisoned_models/trainval/poisoned_vggmod_CIFAR-10_0046.pt,0.779,1.2564857661724091
poisoned_models/trainval/poisoned_vggmod_CIFAR-10_0047.pt,0.7664,1.3315166771411895
poisoned_models/trainval/poisoned_vggmod_CIFAR-10_0048.pt,0.7647,1.2034277856349944
poisoned_models/trainval/poisoned_vggmod_CIFAR-10_0049.pt,0.7601,1.28368199467659
poisoned_models/trainval/poisoned_vggmod_CIFAR-10_0050.pt,0.765,1.2944767892360687
poisoned_models/trainval/poisoned_vggmod_CIFAR-10_0051.pt,0.775,1.284825825691223
poisoned_models/trainval/poisoned_vggmod_CIFAR-10_0052.pt,0.7701,1.3087986558675766
poisoned_models/trainval/poisoned_vggmod_CIFAR-10_0053.pt,0.756,1.2535559415817261
poisoned_models/trainval/poisoned_vggmod_CIFAR-10_0054.pt,0.773,1.3373090147972106
poisoned_models/trainval/poisoned_vggmod_CIFAR-10_0055.pt,0.7679,1.250525063276291
poisoned_models/trainval/poisoned_vggmod_CIFAR-10_0056.pt,0.7685,1.3796927750110626
poisoned_models/trainval/poisoned_vggmod_CIFAR-10_0057.pt,0.7793,1.3501757383346558
poisoned_models/trainval/poisoned_vggmod_CIFAR-10_0058.pt,0.7772,1.2018669605255128
poisoned_models/trainval/poisoned_vggmod_CIFAR-10_0059.pt,0.7739,1.3022586166858674
poisoned_models/trainval/poisoned_vggmod_CIFAR-10_0060.pt,0.7685,1.04306660592556
poisoned_models/trainval/poisoned_vggmod_CIFAR-10_0061.pt,0.7787,1.0506397247314454
poisoned_models/trainval/poisoned_vggmod_CIFAR-10_0062.pt,0.7725,1.2912765085697173
poisoned_models/trainval/poisoned_vggmod_CIFAR-10_0063.pt,0.7579,1.3159456849098206
poisoned_models/trainval/poisoned_vggmod_CIFAR-10_0064.pt,0.7788,1.2202725946903228
poisoned_models/trainval/poisoned_vggmod_CIFAR-10_0065.pt,0.776,1.2646342754364013
poisoned_models/trainval/poisoned_vggmod_CIFAR-10_0066.pt,0.7785,1.200367671251297
poisoned_models/trainval/poisoned_vggmod_CIFAR-10_0067.pt,0.7658,1.2677139788866043
poisoned_models/trainval/poisoned_vggmod_CIFAR-10_0068.pt,0.7633,1.4167685687541962
poisoned_models/trainval/poisoned_vggmod_CIFAR-10_0069.pt,0.7653,1.3073332905769348
poisoned_models/trainval/poisoned_vggmod_CIFAR-10_0070.pt,0.7593,1.2645531058311463
poisoned_models/trainval/poisoned_vggmod_CIFAR-10_0071.pt,0.774,1.340578544139862
poisoned_models/trainval/poisoned_vggmod_CIFAR-10_0072.pt,0.7806,1.3426274299621581
poisoned_models/trainval/poisoned_vggmod_CIFAR-10_0073.pt,0.7636,1.2903562426567077
poisoned_models/trainval/poisoned_vggmod_CIFAR-10_0074.pt,0.7776,1.3611247539520264
poisoned_models/trainval/poisoned_vggmod_CIFAR-10_0075.pt,0.7529,1.241449809074402
poisoned_models/trainval/poisoned_vggmod_CIFAR-10_0076.pt,0.77,1.2285832643508912
poisoned_models/trainval/poisoned_vggmod_CIFAR-10_0077.pt,0.765,1.4121799230575562
poisoned_models/trainval/poisoned_vggmod_CIFAR-10_0078.pt,0.7777,1.2882812738418579
poisoned_models/trainval/poisoned_vggmod_CIFAR-10_0079.pt,0.7841,1.2796382129192352
poisoned_models/trainval/poisoned_vggmod_CIFAR-10_0080.pt,0.76,1.220925223827362
poisoned_models/trainval/poisoned_vggmod_CIFAR-10_0081.pt,0.7605,1.3835208892822266
poisoned_models/trainval/poisoned_vggmod_CIFAR-10_0082.pt,0.7724,1.415729820728302
poisoned_models/trainval/poisoned_vggmod_CIFAR-10_0083.pt,0.78,1.2513802289962768
poisoned_models/trainval/poisoned_vggmod_CIFAR-10_0084.pt,0.7653,1.396052849292755
poisoned_models/trainval/poisoned_vggmod_CIFAR-10_0085.pt,0.7788,1.032461079955101
poisoned_models/trainval/poisoned_vggmod_CIFAR-10_0086.pt,0.7595,1.2165166229009627
poisoned_models/trainval/poisoned_vggmod_CIFAR-10_0087.pt,0.7681,1.3043810725212097
poisoned_models/trainval/poisoned_vggmod_CIFAR-10_0088.pt,0.7629,1.3046570956707
poisoned_models/trainval/poisoned_vggmod_CIFAR-10_0089.pt,0.7464,1.5882658421993257
poisoned_models/trainval/poisoned_vggmod_CIFAR-10_0090.pt,0.7722,1.27055424451828
poisoned_models/trainval/poisoned_vggmod_CIFAR-10_0091.pt,0.7679,1.3391376078128814
poisoned_models/trainval/poisoned_vggmod_CIFAR-10_0092.pt,0.7767,1.259691631793976
poisoned_models/trainval/poisoned_vggmod_CIFAR-10_0093.pt,0.7644,1.4169415652751922
poisoned_models/trainval/poisoned_vggmod_CIFAR-10_0094.pt,0.7578,1.3744450807571411
poisoned_models/trainval/poisoned_vggmod_CIFAR-10_0095.pt,0.7753,1.302195805311203
poisoned_models/trainval/poisoned_vggmod_CIFAR-10_0096.pt,0.7785,1.1903917878866195
poisoned_models/trainval/poisoned_vggmod_CIFAR-10_0097.pt,0.7729,1.3681488931179047
poisoned_models/trainval/poisoned_vggmod_CIFAR-10_0098.pt,0.765,1.4565693974494933
poisoned_models/trainval/poisoned_vggmod_CIFAR-10_0099.pt,0.782,1.2318622767925262
poisoned_models/trainval/poisoned_vggmod_CIFAR-10_0100.pt,0.7759,1.2414113998413085
poisoned_models/trainval/poisoned_vggmod_CIFAR-10_0101.pt,0.7756,1.1701943904161454
poisoned_models/trainval/poisoned_vggmod_CIFAR-10_0102.pt,0.7701,1.3295014142990111
poisoned_models/trainval/poisoned_vggmod_CIFAR-10_0103.pt,0.7771,1.1852801084518432
poisoned_models/trainval/poisoned_vggmod_CIFAR-10_0104.pt,0.7687,1.2304557681083679
poisoned_models/trainval/poisoned_vggmod_CIFAR-10_0105.pt,0.7791,1.2511489510536193
poisoned_models/trainval/poisoned_vggmod_CIFAR-10_0106.pt,0.7698,1.208570945262909
poisoned_models/trainval/poisoned_vggmod_CIFAR-10_0107.pt,0.7665,1.2022693127393722
poisoned_models/trainval/poisoned_vggmod_CIFAR-10_0108.pt,0.7705,1.3213991820812225
poisoned_models/trainval/poisoned_vggmod_CIFAR-10_0109.pt,0.7604,1.4269218266010284
poisoned_models/trainval/poisoned_vggmod_CIFAR-10_0110.pt,0.7854,1.220455574989319
poisoned_models/trainval/poisoned_vggmod_CIFAR-10_0111.pt,0.7671,1.327611118555069
poisoned_models/trainval/poisoned_vggmod_CIFAR-10_0112.pt,0.7694,1.368766677379608
poisoned_models/trainval/poisoned_vggmod_CIFAR-10_0113.pt,0.7763,1.335487002134323
poisoned_models/trainval/poisoned_vggmod_CIFAR-10_0114.pt,0.7717,1.2143638402223587
poisoned_models/trainval/poisoned_vggmod_CIFAR-10_0115.pt,0.7708,1.3805291593074798
poisoned_models/trainval/poisoned_vggmod_CIFAR-10_0116.pt,0.777,1.2024842262268067
poisoned_models/trainval/poisoned_vggmod_CIFAR-10_0117.pt,0.7598,1.2246243685483933
poisoned_models/trainval/poisoned_vggmod_CIFAR-10_0118.pt,0.7688,1.26460200548172
poisoned_models/trainval/poisoned_vggmod_CIFAR-10_0119.pt,0.7727,1.3194197177886964
poisoned_models/trainval/poisoned_vggmod_CIFAR-10_0120.pt,0.7559,1.4580129325389861
poisoned_models/trainval/poisoned_vggmod_CIFAR-10_0121.pt,0.7694,1.2437404215335846
poisoned_models/trainval/poisoned_vggmod_CIFAR-10_0122.pt,0.7675,1.2838155448436737
poisoned_models/trainval/poisoned_vggmod_CIFAR-10_0123.pt,0.7744,1.358730709552765
poisoned_models/trainval/poisoned_vggmod_CIFAR-10_0124.pt,0.7625,1.309591031074524
poisoned_models/trainval/poisoned_vggmod_CIFAR-10_0125.pt,0.7683,1.2622975051403045
poisoned_models/trainval/poisoned_vggmod_CIFAR-10_0126.pt,0.7742,1.3019807457923889
poisoned_models/trainval/poisoned_vggmod_CIFAR-10_0127.pt,0.7828,1.229933500289917
poisoned_models/trainval/poisoned_vggmod_CIFAR-10_0128.pt,0.7766,1.2055727243423462
poisoned_models/trainval/poisoned_vggmod_CIFAR-10_0129.pt,0.7708,1.3015485167503358
poisoned_models/trainval/poisoned_vggmod_CIFAR-10_0130.pt,0.7686,1.2808658003807067
poisoned_models/trainval/poisoned_vggmod_CIFAR-10_0131.pt,0.7598,1.304353466629982
poisoned_models/trainval/poisoned_vggmod_CIFAR-10_0132.pt,0.7668,1.324075984954834
poisoned_models/trainval/poisoned_vggmod_CIFAR-10_0133.pt,0.7694,1.2446352303028108
poisoned_models/trainval/poisoned_vggmod_CIFAR-10_0134.pt,0.7693,0.8365105152130127
poisoned_models/trainval/poisoned_vggmod_CIFAR-10_0135.pt,0.7692,1.2905621767044066
poisoned_models/trainval/poisoned_vggmod_CIFAR-10_0136.pt,0.7764,1.2446752816438675
poisoned_models/trainval/poisoned_vggmod_CIFAR-10_0137.pt,0.7679,1.3209680378437043
poisoned_models/trainval/poisoned_vggmod_CIFAR-10_0138.pt,0.7716,1.3135595977306367
poisoned_models/trainval/poisoned_vggmod_CIFAR-10_0139.pt,0.7617,1.2806657254695892
poisoned_models/trainval/poisoned_vggmod_CIFAR-10_0140.pt,0.7635,1.3747399151325226
poisoned_models/trainval/poisoned_vggmod_CIFAR-10_0141.pt,0.759,1.4245305359363556
poisoned_models/trainval/poisoned_vggmod_CIFAR-10_0142.pt,0.7705,1.3612499356269836
poisoned_models/trainval/poisoned_vggmod_CIFAR-10_0143.pt,0.7688,1.1784704148769378
poisoned_models/trainval/poisoned_vggmod_CIFAR-10_0144.pt,0.7747,1.2834787130355836
poisoned_models/trainval/poisoned_vggmod_CIFAR-10_0145.pt,0.7518,1.2976100027561188
poisoned_models/trainval/poisoned_vggmod_CIFAR-10_0146.pt,0.784,1.2063683867454529
poisoned_models/trainval/poisoned_vggmod_CIFAR-10_0147.pt,0.7557,1.4114442408084868
poisoned_models/trainval/poisoned_vggmod_CIFAR-10_0148.pt,0.7707,1.147905158996582
poisoned_models/trainval/poisoned_vggmod_CIFAR-10_0149.pt,0.7654,1.4484161972999572
poisoned_models/trainval/poisoned_vggmod_CIFAR-10_0150.pt,0.7677,1.2818564593791961
poisoned_models/trainval/poisoned_vggmod_CIFAR-10_0151.pt,0.7622,1.3243134319782257
poisoned_models/trainval/poisoned_vggmod_CIFAR-10_0152.pt,0.7664,1.327134507894516
poisoned_models/trainval/poisoned_vggmod_CIFAR-10_0153.pt,0.7731,1.160101166367531
poisoned_models/trainval/poisoned_vggmod_CIFAR-10_0154.pt,0.7604,1.345925086736679
poisoned_models/trainval/poisoned_vggmod_CIFAR-10_0155.pt,0.765,1.1645252227783203
poisoned_models/trainval/poisoned_vggmod_CIFAR-10_0156.pt,0.7716,1.2059754401445388
poisoned_models/trainval/poisoned_vggmod_CIFAR-10_0157.pt,0.7757,1.1674701064825057
poisoned_models/trainval/poisoned_vggmod_CIFAR-10_0158.pt,0.7736,1.360977429151535
poisoned_models/trainval/poisoned_vggmod_CIFAR-10_0159.pt,0.7737,1.0756204903125763
poisoned_models/trainval/poisoned_vggmod_CIFAR-10_0160.pt,0.7623,1.235169917345047
poisoned_models/trainval/poisoned_vggmod_CIFAR-10_0161.pt,0.7635,1.254657781124115
poisoned_models/trainval/poisoned_vggmod_CIFAR-10_0162.pt,0.7665,1.2952153742313386
poisoned_models/trainval/poisoned_vggmod_CIFAR-10_0163.pt,0.7728,1.1943396419286727
poisoned_models/trainval/poisoned_vggmod_CIFAR-10_0164.pt,0.7642,1.2280463963747024
poisoned_models/trainval/poisoned_vggmod_CIFAR-10_0165.pt,0.7713,1.406075131893158
poisoned_models/trainval/poisoned_vggmod_CIFAR-10_0166.pt,0.7653,1.3762854039669037
poisoned_models/trainval/poisoned_vggmod_CIFAR-10_0167.pt,0.7725,1.0503590792417525
poisoned_models/trainval/poisoned_vggmod_CIFAR-10_0168.pt,0.7797,1.1385261923074723
poisoned_models/trainval/poisoned_vggmod_CIFAR-10_0169.pt,0.7833,1.2062290519475938
poisoned_models/trainval/poisoned_vggmod_CIFAR-10_0170.pt,0.7685,1.3232735753059388
poisoned_models/trainval/poisoned_vggmod_CIFAR-10_0171.pt,0.7741,1.231509530544281
poisoned_models/trainval/poisoned_vggmod_CIFAR-10_0172.pt,0.7613,1.258254274725914
poisoned_models/trainval/poisoned_vggmod_CIFAR-10_0173.pt,0.764,1.3220846891403197
poisoned_models/trainval/poisoned_vggmod_CIFAR-10_0174.pt,0.7814,1.2560464978218078
poisoned_models/trainval/poisoned_vggmod_CIFAR-10_0175.pt,0.7781,1.3287826538085938
poisoned_models/trainval/poisoned_vggmod_CIFAR-10_0176.pt,0.7732,1.2902285218238831
poisoned_models/trainval/poisoned_vggmod_CIFAR-10_0177.pt,0.7578,1.0890522211790086
poisoned_models/trainval/poisoned_vggmod_CIFAR-10_0178.pt,0.7732,1.2682017266750336
poisoned_models/trainval/poisoned_vggmod_CIFAR-10_0179.pt,0.7663,1.255605834722519
poisoned_models/trainval/poisoned_vggmod_CIFAR-10_0180.pt,0.777,1.2789514064788818
poisoned_models/trainval/poisoned_vggmod_CIFAR-10_0181.pt,0.7754,1.3399868130683898
poisoned_models/trainval/poisoned_vggmod_CIFAR-10_0182.pt,0.7495,1.3737384736537934
poisoned_models/trainval/poisoned_vggmod_CIFAR-10_0183.pt,0.7646,1.2502102494239806
poisoned_models/trainval/poisoned_vggmod_CIFAR-10_0184.pt,0.7592,1.4263879835605622
poisoned_models/trainval/poisoned_vggmod_CIFAR-10_0185.pt,0.7713,1.091818916797638
poisoned_models/trainval/poisoned_vggmod_CIFAR-10_0186.pt,0.7594,1.3872885525226593
poisoned_models/trainval/poisoned_vggmod_CIFAR-10_0187.pt,0.7705,1.3629821479320525
poisoned_models/trainval/poisoned_vggmod_CIFAR-10_0188.pt,0.76,1.408980906009674
poisoned_models/trainval/poisoned_vggmod_CIFAR-10_0189.pt,0.7715,1.3306039571762085
poisoned_models/trainval/poisoned_vggmod_CIFAR-10_0190.pt,0.7724,1.208531951904297
poisoned_models/trainval/poisoned_vggmod_CIFAR-10_0191.pt,0.7693,1.2261958360671996
poisoned_models/trainval/poisoned_vggmod_CIFAR-10_0192.pt,0.7726,1.0276562720537186
poisoned_models/trainval/poisoned_vggmod_CIFAR-10_0193.pt,0.7621,1.3916549146175385
poisoned_models/trainval/poisoned_vggmod_CIFAR-10_0194.pt,0.7632,1.4066689372062684
poisoned_models/trainval/poisoned_vggmod_CIFAR-10_0195.pt,0.7729,1.367006427049637
poisoned_models/trainval/poisoned_vggmod_CIFAR-10_0196.pt,0.7616,1.3884782791137695
poisoned_models/trainval/poisoned_vggmod_CIFAR-10_0197.pt,0.7661,1.126419448852539
poisoned_models/trainval/poisoned_vggmod_CIFAR-10_0198.pt,0.7643,1.4225445687770844
poisoned_models/trainval/poisoned_vggmod_CIFAR-10_0199.pt,0.7685,1.2593213617801666
poisoned_models/trainval/poisoned_vggmod_CIFAR-10_0200.pt,0.7599,1.4183908581733704
poisoned_models/trainval/poisoned_vggmod_CIFAR-10_0201.pt,0.7817,1.2481654822826385
poisoned_models/trainval/poisoned_vggmod_CIFAR-10_0202.pt,0.7544,1.3663530945777893
poisoned_models/trainval/poisoned_vggmod_CIFAR-10_0203.pt,0.7706,1.328699964284897
poisoned_models/trainval/poisoned_vggmod_CIFAR-10_0204.pt,0.7653,1.345251554250717
poisoned_models/trainval/poisoned_vggmod_CIFAR-10_0205.pt,0.7713,1.2666394531726837
poisoned_models/trainval/poisoned_vggmod_CIFAR-10_0206.pt,0.7589,1.5205072999000548
poisoned_models/trainval/poisoned_vggmod_CIFAR-10_0207.pt,0.7664,1.2963732421398162
poisoned_models/trainval/poisoned_vggmod_CIFAR-10_0208.pt,0.7772,0.850560313463211
poisoned_models/trainval/poisoned_vggmod_CIFAR-10_0209.pt,0.7723,1.1567257672548295
poisoned_models/trainval/poisoned_vggmod_CIFAR-10_0210.pt,0.7696,1.4065575003623962
poisoned_models/trainval/poisoned_vggmod_CIFAR-10_0211.pt,0.7667,0.9332177937030792
poisoned_models/trainval/poisoned_vggmod_CIFAR-10_0212.pt,0.7669,1.373945939540863
poisoned_models/trainval/poisoned_vggmod_CIFAR-10_0213.pt,0.7795,1.2643843561410903
poisoned_models/trainval/poisoned_vggmod_CIFAR-10_0214.pt,0.7625,1.4832620024681091
poisoned_models/trainval/poisoned_vggmod_CIFAR-10_0215.pt,0.7632,1.3208634793758391
poisoned_models/trainval/poisoned_vggmod_CIFAR-10_0216.pt,0.7687,1.4630916476249696
poisoned_models/trainval/poisoned_vggmod_CIFAR-10_0217.pt,0.761,1.07878135740757
poisoned_models/trainval/poisoned_vggmod_CIFAR-10_0218.pt,0.7721,1.4152743756771087
poisoned_models/trainval/poisoned_vggmod_CIFAR-10_0219.pt,0.758,1.2722290635108948
poisoned_models/trainval/poisoned_vggmod_CIFAR-10_0220.pt,0.7764,1.241919368505478
poisoned_models/trainval/poisoned_vggmod_CIFAR-10_0221.pt,0.7706,1.1787706375122071
poisoned_models/trainval/poisoned_vggmod_CIFAR-10_0222.pt,0.7687,1.2223930358886719
poisoned_models/trainval/poisoned_vggmod_CIFAR-10_0223.pt,0.763,1.2346619009971618
poisoned_models/trainval/poisoned_vggmod_CIFAR-10_0224.pt,0.7622,1.3754497289657592
poisoned_models/trainval/poisoned_vggmod_CIFAR-10_0225.pt,0.7571,1.3428268313407898
poisoned_models/trainval/poisoned_vggmod_CIFAR-10_0226.pt,0.7759,1.273806917667389
poisoned_models/trainval/poisoned_vggmod_CIFAR-10_0227.pt,0.7711,1.2110714465379715
poisoned_models/trainval/poisoned_vggmod_CIFAR-10_0228.pt,0.7641,1.2661886185407638
poisoned_models/trainval/poisoned_vggmod_CIFAR-10_0229.pt,0.7599,0.9591807126998901
poisoned_models/trainval/poisoned_vggmod_CIFAR-10_0230.pt,0.7793,1.3134345531463623
poisoned_models/trainval/poisoned_vggmod_CIFAR-10_0231.pt,0.759,1.3178657710552215
poisoned_models/trainval/poisoned_vggmod_CIFAR-10_0232.pt,0.7702,1.3857335507869721
poisoned_models/trainval/poisoned_vggmod_CIFAR-10_0233.pt,0.7729,1.3382346272468566
poisoned_models/trainval/poisoned_vggmod_CIFAR-10_0234.pt,0.7557,1.4362401962280273
poisoned_models/trainval/poisoned_vggmod_CIFAR-10_0235.pt,0.7778,1.250887507200241
poisoned_models/trainval/poisoned_vggmod_CIFAR-10_0236.pt,0.7715,1.208974188566208
poisoned_models/trainval/poisoned_vggmod_CIFAR-10_0237.pt,0.767,1.3056836247444152
poisoned_models/trainval/poisoned_vggmod_CIFAR-10_0238.pt,0.7654,1.384448903799057
poisoned_models/trainval/poisoned_vggmod_CIFAR-10_0239.pt,0.7707,1.230758798122406
poisoned_models/trainval/poisoned_vggmod_CIFAR-10_0240.pt,0.7568,1.1655989319086075
poisoned_models/trainval/poisoned_vggmod_CIFAR-10_0241.pt,0.7786,1.2493496179580688
poisoned_models/trainval/poisoned_vggmod_CIFAR-10_0242.pt,0.768,1.3593354403972626
poisoned_models/trainval/poisoned_vggmod_CIFAR-10_0243.pt,0.7662,1.2486628741025925
poisoned_models/trainval/poisoned_vggmod_CIFAR-10_0244.pt,0.7682,1.4728333413600923
poisoned_models/trainval/poisoned_vggmod_CIFAR-10_0245.pt,0.7743,1.3633173167705537
poisoned_models/trainval/poisoned_vggmod_CIFAR-10_0246.pt,0.772,1.2293357104063034
poisoned_models/trainval/poisoned_vggmod_CIFAR-10_0247.pt,0.7761,1.2374687790870667
poisoned_models/trainval/poisoned_vggmod_CIFAR-10_0248.pt,0.7619,1.2923736810684203
poisoned_models/trainval/poisoned_vggmod_CIFAR-10_0249.pt,0.7592,1.3672140538692474
poisoned_models/trainval/poisoned_vggmod_CIFAR-10_0250.pt,0.7669,1.4279915392398834
poisoned_models/trainval/poisoned_vggmod_CIFAR-10_0251.pt,0.7709,1.0333678275346756
poisoned_models/trainval/poisoned_vggmod_CIFAR-10_0252.pt,0.7688,1.2849831342697144
poisoned_models/trainval/poisoned_vggmod_CIFAR-10_0253.pt,0.7627,1.3934852838516236
poisoned_models/trainval/poisoned_vggmod_CIFAR-10_0254.pt,0.7662,1.0617111414670943
poisoned_models/trainval/poisoned_vggmod_CIFAR-10_0255.pt,0.7721,1.185591024160385
poisoned_models/trainval/poisoned_vggmod_CIFAR-10_0256.pt,0.7709,1.3503308415412902
poisoned_models/trainval/poisoned_vggmod_CIFAR-10_0257.pt,0.7745,1.1839406669139863
poisoned_models/trainval/poisoned_vggmod_CIFAR-10_0258.pt,0.7675,1.3120362639427186
poisoned_models/trainval/poisoned_vggmod_CIFAR-10_0259.pt,0.7619,1.1968810319900514
poisoned_models/trainval/poisoned_vggmod_CIFAR-10_0260.pt,0.7599,0.9608861207962036
poisoned_models/trainval/poisoned_vggmod_CIFAR-10_0261.pt,0.774,1.2195429921150207
poisoned_models/trainval/poisoned_vggmod_CIFAR-10_0262.pt,0.7741,1.4127255439758302
poisoned_models/trainval/poisoned_vggmod_CIFAR-10_0263.pt,0.7569,1.2785296201705934
poisoned_models/trainval/poisoned_vggmod_CIFAR-10_0264.pt,0.7672,1.4023783683776856
poisoned_models/trainval/poisoned_vggmod_CIFAR-10_0265.pt,0.7719,1.132596206665039
poisoned_models/trainval/poisoned_vggmod_CIFAR-10_0266.pt,0.7795,1.094433668255806
poisoned_models/trainval/poisoned_vggmod_CIFAR-10_0267.pt,0.7709,1.3918871104717254
poisoned_models/trainval/poisoned_vggmod_CIFAR-10_0268.pt,0.7719,1.3888166069984436
poisoned_models/trainval/poisoned_vggmod_CIFAR-10_0269.pt,0.7779,1.2336869418621064
poisoned_models/trainval/poisoned_vggmod_CIFAR-10_0270.pt,0.7678,1.3842378497123717
poisoned_models/trainval/poisoned_vggmod_CIFAR-10_0271.pt,0.7621,1.3969651639461518
poisoned_models/trainval/poisoned_vggmod_CIFAR-10_0272.pt,0.7669,1.2927011489868163
poisoned_models/trainval/poisoned_vggmod_CIFAR-10_0273.pt,0.7611,1.402816241979599
poisoned_models/trainval/poisoned_vggmod_CIFAR-10_0274.pt,0.7706,1.4498048305511475
poisoned_models/trainval/poisoned_vggmod_CIFAR-10_0275.pt,0.7629,1.334994700551033
poisoned_models/trainval/poisoned_vggmod_CIFAR-10_0276.pt,0.7742,1.3039688408374785
poisoned_models/trainval/poisoned_vggmod_CIFAR-10_0277.pt,0.7562,1.3720689594745636
poisoned_models/trainval/poisoned_vggmod_CIFAR-10_0278.pt,0.7699,1.3223727583885192
poisoned_models/trainval/poisoned_vggmod_CIFAR-10_0279.pt,0.7661,1.4441569983959197
poisoned_models/trainval/poisoned_vggmod_CIFAR-10_0280.pt,0.7711,1.2912965774536134
poisoned_models/trainval/poisoned_vggmod_CIFAR-10_0281.pt,0.7642,1.352522361278534
poisoned_models/trainval/poisoned_vggmod_CIFAR-10_0282.pt,0.7615,1.31690274477005
poisoned_models/trainval/poisoned_vggmod_CIFAR-10_0283.pt,0.7545,1.462609016895294
poisoned_models/trainval/poisoned_vggmod_CIFAR-10_0284.pt,0.7756,1.2579328000545502
poisoned_models/trainval/poisoned_vggmod_CIFAR-10_0285.pt,0.7612,1.3189108312129973
poisoned_models/trainval/poisoned_vggmod_CIFAR-10_0286.pt,0.7583,1.4769709289073945
poisoned_models/trainval/poisoned_vggmod_CIFAR-10_0287.pt,0.7734,1.22946440577507
poisoned_models/trainval/poisoned_vggmod_CIFAR-10_0288.pt,0.7755,1.2354157626628877
poisoned_models/trainval/poisoned_vggmod_CIFAR-10_0289.pt,0.7566,1.2821366131305694
poisoned_models/trainval/poisoned_vggmod_CIFAR-10_0290.pt,0.7767,1.310709822177887
poisoned_models/trainval/poisoned_vggmod_CIFAR-10_0291.pt,0.7594,1.1884861618280411
poisoned_models/trainval/poisoned_vggmod_CIFAR-10_0292.pt,0.7832,1.0825910896062851
poisoned_models/trainval/poisoned_vggmod_CIFAR-10_0293.pt,0.7813,1.1487746983766556
poisoned_models/trainval/poisoned_vggmod_CIFAR-10_0294.pt,0.7601,1.3308594405651093
poisoned_models/trainval/poisoned_vggmod_CIFAR-10_0295.pt,0.7657,1.3440732538700104
poisoned_models/trainval/poisoned_vggmod_CIFAR-10_0296.pt,0.7741,1.2774745315313338
poisoned_models/trainval/poisoned_vggmod_CIFAR-10_0297.pt,0.776,1.299378114938736
poisoned_models/trainval/poisoned_vggmod_CIFAR-10_0298.pt,0.7766,1.2058767795562744
poisoned_models/trainval/poisoned_vggmod_CIFAR-10_0299.pt,0.7628,1.2978627860546113
poisoned_models/trainval/poisoned_vggmod_CIFAR-10_0300.pt,0.779,1.1070277243852615
poisoned_models/trainval/poisoned_vggmod_CIFAR-10_0301.pt,0.7709,1.4113257765769958
poisoned_models/trainval/poisoned_vggmod_CIFAR-10_0302.pt,0.7665,1.315306121110916
poisoned_models/trainval/poisoned_vggmod_CIFAR-10_0303.pt,0.771,1.3040928602218629
poisoned_models/trainval/poisoned_vggmod_CIFAR-10_0304.pt,0.766,1.3357401967048645
poisoned_models/trainval/poisoned_vggmod_CIFAR-10_0305.pt,0.7583,1.2456228971481322
poisoned_models/trainval/poisoned_vggmod_CIFAR-10_0306.pt,0.7662,1.3741249561309814
poisoned_models/trainval/poisoned_vggmod_CIFAR-10_0307.pt,0.7756,1.293515694141388
poisoned_models/trainval/poisoned_vggmod_CIFAR-10_0308.pt,0.7531,0.9870171487331391
poisoned_models/trainval/poisoned_vggmod_CIFAR-10_0309.pt,0.7646,1.4279348254203796
poisoned_models/trainval/poisoned_vggmod_CIFAR-10_0310.pt,0.7759,1.3136545240879058
poisoned_models/trainval/poisoned_vggmod_CIFAR-10_0311.pt,0.7719,1.129592663049698
poisoned_models/trainval/poisoned_vggmod_CIFAR-10_0312.pt,0.7615,1.2728260815143586
poisoned_models/trainval/poisoned_vggmod_CIFAR-10_0313.pt,0.7601,1.351435226202011
poisoned_models/trainval/poisoned_vggmod_CIFAR-10_0314.pt,0.7743,1.2374243199825288
poisoned_models/trainval/poisoned_vggmod_CIFAR-10_0315.pt,0.7728,1.1894279062747954
poisoned_models/trainval/poisoned_vggmod_CIFAR-10_0316.pt,0.7656,1.3086485326290132
poisoned_models/trainval/poisoned_vggmod_CIFAR-10_0317.pt,0.7808,1.232692337036133
poisoned_models/trainval/poisoned_vggmod_CIFAR-10_0318.pt,0.7676,1.3104425430297852
poisoned_models/trainval/poisoned_vggmod_CIFAR-10_0319.pt,0.7672,1.328852617740631
poisoned_models/trainval/poisoned_vggmod_CIFAR-10_0320.pt,0.7757,1.2681572496891023
poisoned_models/trainval/poisoned_vggmod_CIFAR-10_0321.pt,0.7744,1.175543910264969
poisoned_models/trainval/poisoned_vggmod_CIFAR-10_0322.pt,0.7647,1.3369709432125092
poisoned_models/trainval/poisoned_vggmod_CIFAR-10_0323.pt,0.7637,1.3021131217479707
poisoned_models/trainval/poisoned_vggmod_CIFAR-10_0324.pt,0.765,1.1471301853656768
poisoned_models/trainval/poisoned_vggmod_CIFAR-10_0325.pt,0.7464,1.3391915082931518
poisoned_models/trainval/poisoned_vggmod_CIFAR-10_0326.pt,0.78,1.2160162717103957
poisoned_models/trainval/poisoned_vggmod_CIFAR-10_0327.pt,0.7568,1.4492810308933257
poisoned_models/trainval/poisoned_vggmod_CIFAR-10_0328.pt,0.7636,1.4570167899131774
poisoned_models/trainval/poisoned_vggmod_CIFAR-10_0329.pt,0.7758,1.179245474934578
poisoned_models/trainval/poisoned_vggmod_CIFAR-10_0330.pt,0.7725,1.3531952857971192
poisoned_models/trainval/poisoned_vggmod_CIFAR-10_0331.pt,0.7695,1.3683991074562072
poisoned_models/trainval/poisoned_vggmod_CIFAR-10_0332.pt,0.7529,1.254390811920166
poisoned_models/trainval/poisoned_vggmod_CIFAR-10_0333.pt,0.7707,1.2522003531455994
poisoned_models/trainval/poisoned_vggmod_CIFAR-10_0334.pt,0.7646,1.1570498883724212
poisoned_models/trainval/poisoned_vggmod_CIFAR-10_0335.pt,0.7778,1.188898104429245
poisoned_models/trainval/poisoned_vggmod_CIFAR-10_0336.pt,0.7831,1.2777223885059357
poisoned_models/trainval/poisoned_vggmod_CIFAR-10_0337.pt,0.764,1.23815199136734
poisoned_models/trainval/poisoned_vggmod_CIFAR-10_0338.pt,0.7574,1.5198757886886596
poisoned_models/trainval/poisoned_vggmod_CIFAR-10_0339.pt,0.7634,1.1425036251544953
poisoned_models/trainval/poisoned_vggmod_CIFAR-10_0340.pt,0.7696,1.4168398559093476
poisoned_models/trainval/poisoned_vggmod_CIFAR-10_0341.pt,0.7711,1.2488261580467224
poisoned_models/trainval/poisoned_vggmod_CIFAR-10_0342.pt,0.772,1.317528635263443
poisoned_models/trainval/poisoned_vggmod_CIFAR-10_0343.pt,0.7657,1.3664976596832275
poisoned_models/trainval/poisoned_vggmod_CIFAR-10_0344.pt,0.7549,1.3447472214698792
poisoned_models/trainval/poisoned_vggmod_CIFAR-10_0345.pt,0.7704,1.1909394949674605
poisoned_models/trainval/poisoned_vggmod_CIFAR-10_0346.pt,0.7647,1.2017748296260833
poisoned_models/trainval/poisoned_vggmod_CIFAR-10_0347.pt,0.7641,1.4100671887397767
poisoned_models/trainval/poisoned_vggmod_CIFAR-10_0348.pt,0.7646,1.3245831847190856
poisoned_models/trainval/poisoned_vggmod_CIFAR-10_0349.pt,0.7867,1.1770139396190644
poisoned_models/trainval/poisoned_vggmod_CIFAR-10_0350.pt,0.7585,1.3435727775096893
poisoned_models/trainval/poisoned_vggmod_CIFAR-10_0351.pt,0.7608,1.2294300138950347
poisoned_models/trainval/poisoned_vggmod_CIFAR-10_0352.pt,0.7504,1.459337055683136
poisoned_models/trainval/poisoned_vggmod_CIFAR-10_0353.pt,0.7686,1.3598573863506318
poisoned_models/trainval/poisoned_vggmod_CIFAR-10_0354.pt,0.7728,1.2813816130161286
poisoned_models/trainval/poisoned_vggmod_CIFAR-10_0355.pt,0.776,1.2214128911495208
poisoned_models/trainval/poisoned_vggmod_CIFAR-10_0356.pt,0.7623,1.2199567198753356
poisoned_models/trainval/poisoned_vggmod_CIFAR-10_0357.pt,0.769,1.32086883187294
poisoned_models/trainval/poisoned_vggmod_CIFAR-10_0358.pt,0.7676,1.2982597172260284
poisoned_models/trainval/poisoned_vggmod_CIFAR-10_0359.pt,0.7667,1.2408248037099838
poisoned_models/trainval/poisoned_vggmod_CIFAR-10_0360.pt,0.7701,1.0841272681951524
poisoned_models/trainval/poisoned_vggmod_CIFAR-10_0361.pt,0.7773,1.3753572523593902
poisoned_models/trainval/poisoned_vggmod_CIFAR-10_0362.pt,0.7578,1.3413547933101655
poisoned_models/trainval/poisoned_vggmod_CIFAR-10_0363.pt,0.7738,1.23562353849411
poisoned_models/trainval/poisoned_vggmod_CIFAR-10_0364.pt,0.7587,1.3674109280109406
poisoned_models/trainval/poisoned_vggmod_CIFAR-10_0365.pt,0.7673,1.3417794227600097
poisoned_models/trainval/poisoned_vggmod_CIFAR-10_0366.pt,0.7583,1.4242745697498322
poisoned_models/trainval/poisoned_vggmod_CIFAR-10_0367.pt,0.7643,1.3880020916461944
poisoned_models/trainval/poisoned_vggmod_CIFAR-10_0368.pt,0.7663,1.169887238740921
poisoned_models/trainval/poisoned_vggmod_CIFAR-10_0369.pt,0.7731,1.2485966563224793
poisoned_models/trainval/poisoned_vggmod_CIFAR-10_0370.pt,0.7614,1.1237020075321198
poisoned_models/trainval/poisoned_vggmod_CIFAR-10_0371.pt,0.7704,1.4177239060401916
poisoned_models/trainval/poisoned_vggmod_CIFAR-10_0372.pt,0.7687,1.332663542032242
poisoned_models/trainval/poisoned_vggmod_CIFAR-10_0373.pt,0.7675,1.355135715007782
poisoned_models/trainval/poisoned_vggmod_CIFAR-10_0374.pt,0.7721,1.2319244384765624
poisoned_models/trainval/poisoned_vggmod_CIFAR-10_0375.pt,0.7744,1.2114464044570923
poisoned_models/trainval/poisoned_vggmod_CIFAR-10_0376.pt,0.7777,1.4258700907230377
poisoned_models/trainval/poisoned_vggmod_CIFAR-10_0377.pt,0.7628,1.3671842694282532
poisoned_models/trainval/poisoned_vggmod_CIFAR-10_0378.pt,0.7696,1.3320087313652038
poisoned_models/trainval/poisoned_vggmod_CIFAR-10_0379.pt,0.7661,1.3590829074382782
poisoned_models/trainval/poisoned_vggmod_CIFAR-10_0380.pt,0.7556,1.2972934305667878
poisoned_models/trainval/poisoned_vggmod_CIFAR-10_0381.pt,0.7788,1.2562886476516724
poisoned_models/trainval/poisoned_vggmod_CIFAR-10_0382.pt,0.7706,1.2156128406524658
poisoned_models/trainval/poisoned_vggmod_CIFAR-10_0383.pt,0.7725,1.3923566460609436
poisoned_models/trainval/poisoned_vggmod_CIFAR-10_0384.pt,0.7716,1.2185846805572509
poisoned_models/trainval/poisoned_vggmod_CIFAR-10_0385.pt,0.7764,1.3379295468330383
poisoned_models/trainval/poisoned_vggmod_CIFAR-10_0386.pt,0.783,1.2128454893827438
poisoned_models/trainval/poisoned_vggmod_CIFAR-10_0387.pt,0.7775,1.1779320567846299
poisoned_models/trainval/poisoned_vggmod_CIFAR-10_0388.pt,0.7817,1.2551244139671325
poisoned_models/trainval/poisoned_vggmod_CIFAR-10_0389.pt,0.7689,1.328723567724228
poisoned_models/trainval/poisoned_vggmod_CIFAR-10_0390.pt,0.7681,1.2705254018306733
poisoned_models/trainval/poisoned_vggmod_CIFAR-10_0391.pt,0.781,1.1710225611925125
poisoned_models/trainval/poisoned_vggmod_CIFAR-10_0392.pt,0.7727,1.252359476685524
poisoned_models/trainval/poisoned_vggmod_CIFAR-10_0393.pt,0.7738,1.3308643102645874
poisoned_models/trainval/poisoned_vggmod_CIFAR-10_0394.pt,0.7696,1.3854009211063385
poisoned_models/trainval/poisoned_vggmod_CIFAR-10_0395.pt,0.7662,1.3929767608642578
poisoned_models/trainval/poisoned_vggmod_CIFAR-10_0396.pt,0.7735,1.2392861664295196
poisoned_models/trainval/poisoned_vggmod_CIFAR-10_0397.pt,0.7655,1.3355699062347413
poisoned_models/trainval/poisoned_vggmod_CIFAR-10_0398.pt,0.7697,1.2721421539783477
poisoned_models/trainval/poisoned_vggmod_CIFAR-10_0399.pt,0.7798,1.3028806686401366
poisoned_models/trainval/poisoned_vggmod_CIFAR-10_0400.pt,0.7698,1.2935568988323212
poisoned_models/trainval/poisoned_vggmod_CIFAR-10_0401.pt,0.7632,1.2107542157173157
poisoned_models/trainval/poisoned_vggmod_CIFAR-10_0402.pt,0.7717,1.1860203355550767
poisoned_models/trainval/poisoned_vggmod_CIFAR-10_0403.pt,0.7697,1.4114885210990906
poisoned_models/trainval/poisoned_vggmod_CIFAR-10_0404.pt,0.7553,1.479222482442856
poisoned_models/trainval/poisoned_vggmod_CIFAR-10_0405.pt,0.7724,1.381847357749939
poisoned_models/trainval/poisoned_vggmod_CIFAR-10_0406.pt,0.7611,1.408755886554718
poisoned_models/trainval/poisoned_vggmod_CIFAR-10_0407.pt,0.7645,1.2014728605747222
poisoned_models/trainval/poisoned_vggmod_CIFAR-10_0408.pt,0.7755,1.2771372556686402
poisoned_models/trainval/poisoned_vggmod_CIFAR-10_0409.pt,0.7573,1.3573725938796997
poisoned_models/trainval/poisoned_vggmod_CIFAR-10_0410.pt,0.7674,1.2526690393686295
poisoned_models/trainval/poisoned_vggmod_CIFAR-10_0411.pt,0.7511,1.366123801469803
poisoned_models/trainval/poisoned_vggmod_CIFAR-10_0412.pt,0.7742,1.2178214907646179
poisoned_models/trainval/poisoned_vggmod_CIFAR-10_0413.pt,0.773,1.3507049441337586
poisoned_models/trainval/poisoned_vggmod_CIFAR-10_0414.pt,0.7698,1.307897651195526
poisoned_models/trainval/poisoned_vggmod_CIFAR-10_0415.pt,0.766,1.1212246656417846
poisoned_models/trainval/poisoned_vggmod_CIFAR-10_0416.pt,0.7707,1.206678330898285
poisoned_models/trainval/poisoned_vggmod_CIFAR-10_0417.pt,0.7806,1.2160398215055466
poisoned_models/trainval/poisoned_vggmod_CIFAR-10_0418.pt,0.7709,1.43976429104805
poisoned_models/trainval/poisoned_vggmod_CIFAR-10_0419.pt,0.7535,1.3770347714424134
poisoned_models/trainval/poisoned_vggmod_CIFAR-10_0420.pt,0.771,1.4021457254886627
poisoned_models/trainval/poisoned_vggmod_CIFAR-10_0421.pt,0.7788,1.2813668966293335
poisoned_models/trainval/poisoned_vggmod_CIFAR-10_0422.pt,0.7784,1.1584822207689285
poisoned_models/trainval/poisoned_vggmod_CIFAR-10_0423.pt,0.7624,1.4116073071956634
poisoned_models/trainval/poisoned_vggmod_CIFAR-10_0424.pt,0.7784,1.2836430490016937
poisoned_models/trainval/poisoned_vggmod_CIFAR-10_0425.pt,0.7761,1.2101037889719009
poisoned_models/trainval/poisoned_vggmod_CIFAR-10_0426.pt,0.7732,1.3637772858142854
poisoned_models/trainval/poisoned_vggmod_CIFAR-10_0427.pt,0.7587,1.0078648686408997
poisoned_models/trainval/poisoned_vggmod_CIFAR-10_0428.pt,0.7689,1.1967763960361482
poisoned_models/trainval/poisoned_vggmod_CIFAR-10_0429.pt,0.7723,1.2204562038183213
poisoned_models/trainval/poisoned_vggmod_CIFAR-10_0430.pt,0.7816,1.1721745997667312
poisoned_models/trainval/poisoned_vggmod_CIFAR-10_0431.pt,0.7659,1.3474012851715087
poisoned_models/trainval/poisoned_vggmod_CIFAR-10_0432.pt,0.757,1.3910696923732757
poisoned_models/trainval/poisoned_vggmod_CIFAR-10_0433.pt,0.7543,1.4324132800102234
poisoned_models/trainval/poisoned_vggmod_CIFAR-10_0434.pt,0.7844,1.196314924955368
poisoned_models/trainval/poisoned_vggmod_CIFAR-10_0435.pt,0.776,1.1837981820106507
poisoned_models/trainval/poisoned_vggmod_CIFAR-10_0436.pt,0.7574,1.3892053544521332
poisoned_models/trainval/poisoned_vggmod_CIFAR-10_0437.pt,0.7668,1.2354203701019286
poisoned_models/trainval/poisoned_vggmod_CIFAR-10_0438.pt,0.7607,1.3312836349010468
poisoned_models/trainval/poisoned_vggmod_CIFAR-10_0439.pt,0.767,1.2855162531137467
poisoned_models/trainval/poisoned_vggmod_CIFAR-10_0440.pt,0.7738,1.2468302339315414
poisoned_models/trainval/poisoned_vggmod_CIFAR-10_0441.pt,0.7661,1.2396692991256715
poisoned_models/trainval/poisoned_vggmod_CIFAR-10_0442.pt,0.748,1.275149941444397
poisoned_models/trainval/poisoned_vggmod_CIFAR-10_0443.pt,0.763,1.3892637729644775
poisoned_models/trainval/poisoned_vggmod_CIFAR-10_0444.pt,0.774,1.2552013039588927
poisoned_models/trainval/poisoned_vggmod_CIFAR-10_0445.pt,0.7631,1.447865229845047
poisoned_models/trainval/poisoned_vggmod_CIFAR-10_0446.pt,0.7662,1.3692113935947419
poisoned_models/trainval/poisoned_vggmod_CIFAR-10_0447.pt,0.7618,1.1777864933013915
poisoned_models/trainval/poisoned_vggmod_CIFAR-10_0448.pt,0.7698,1.2478140056133271
poisoned_models/trainval/poisoned_vggmod_CIFAR-10_0449.pt,0.7689,1.2096686035394668
poisoned_models/trainval/poisoned_vggmod_CIFAR-10_0450.pt,0.7579,1.2679955244064331
poisoned_models/trainval/poisoned_vggmod_CIFAR-10_0451.pt,0.7693,1.0377453982830047
poisoned_models/trainval/poisoned_vggmod_CIFAR-10_0452.pt,0.7655,1.247379058599472
poisoned_models/trainval/poisoned_vggmod_CIFAR-10_0453.pt,0.7694,1.1766717672348022
poisoned_models/trainval/poisoned_vggmod_CIFAR-10_0454.pt,0.7664,1.2644715428352356
poisoned_models/trainval/poisoned_vggmod_CIFAR-10_0455.pt,0.7726,1.2067412734031677
poisoned_models/trainval/poisoned_vggmod_CIFAR-10_0456.pt,0.7759,1.217833411693573
poisoned_models/trainval/poisoned_vggmod_CIFAR-10_0457.pt,0.7722,1.3526626348495483
poisoned_models/trainval/poisoned_vggmod_CIFAR-10_0458.pt,0.7687,1.2982507944107056
poisoned_models/trainval/poisoned_vggmod_CIFAR-10_0459.pt,0.7527,1.4716727554798126
poisoned_models/trainval/poisoned_vggmod_CIFAR-10_0460.pt,0.764,1.3848778843879699
poisoned_models/trainval/poisoned_vggmod_CIFAR-10_0461.pt,0.767,1.3554488718509674
poisoned_models/trainval/poisoned_vggmod_CIFAR-10_0462.pt,0.7561,1.2506272733211516
poisoned_models/trainval/poisoned_vggmod_CIFAR-10_0463.pt,0.7613,1.2831562399864196
poisoned_models/trainval/poisoned_vggmod_CIFAR-10_0464.pt,0.7763,1.3932406902313232
poisoned_models/trainval/poisoned_vggmod_CIFAR-10_0465.pt,0.7672,1.2440796792507172
poisoned_models/trainval/poisoned_vggmod_CIFAR-10_0466.pt,0.7671,1.0206974804401399
poisoned_models/trainval/poisoned_vggmod_CIFAR-10_0467.pt,0.7777,1.2696973145008088
poisoned_models/trainval/poisoned_vggmod_CIFAR-10_0468.pt,0.7679,1.33429673910141
poisoned_models/trainval/poisoned_vggmod_CIFAR-10_0469.pt,0.7636,1.3682578086853028
poisoned_models/trainval/poisoned_vggmod_CIFAR-10_0470.pt,0.7679,1.2997791826725007
poisoned_models/trainval/poisoned_vggmod_CIFAR-10_0471.pt,0.7801,1.3694461226463317
poisoned_models/trainval/poisoned_vggmod_CIFAR-10_0472.pt,0.7587,1.4496427476406097
poisoned_models/trainval/poisoned_vggmod_CIFAR-10_0473.pt,0.7666,1.3451394379138946
poisoned_models/trainval/poisoned_vggmod_CIFAR-10_0474.pt,0.7722,1.254873937368393
poisoned_models/trainval/poisoned_vggmod_CIFAR-10_0475.pt,0.769,1.1999964594841004
poisoned_models/trainval/poisoned_vggmod_CIFAR-10_0476.pt,0.7555,1.227022647857666
poisoned_models/trainval/poisoned_vggmod_CIFAR-10_0477.pt,0.7738,1.3099929630756377
poisoned_models/trainval/poisoned_vggmod_CIFAR-10_0478.pt,0.7615,1.3296604871749877
poisoned_models/trainval/poisoned_vggmod_CIFAR-10_0479.pt,0.7726,1.2417942523956298
poisoned_models/trainval/poisoned_vggmod_CIFAR-10_0480.pt,0.7667,1.277629792690277
poisoned_models/trainval/poisoned_vggmod_CIFAR-10_0481.pt,0.774,1.269617921113968
poisoned_models/trainval/poisoned_vggmod_CIFAR-10_0482.pt,0.7712,1.217434936761856
poisoned_models/trainval/poisoned_vggmod_CIFAR-10_0483.pt,0.7588,1.4743081271648406
poisoned_models/trainval/poisoned_vggmod_CIFAR-10_0484.pt,0.7708,1.283089017868042
poisoned_models/trainval/poisoned_vggmod_CIFAR-10_0485.pt,0.7706,1.248496600985527
poisoned_models/trainval/poisoned_vggmod_CIFAR-10_0486.pt,0.7794,1.1627840489149093
poisoned_models/trainval/poisoned_vggmod_CIFAR-10_0487.pt,0.7617,1.2201321959495544
poisoned_models/trainval/poisoned_vggmod_CIFAR-10_0488.pt,0.7728,1.25322265625
poisoned_models/trainval/poisoned_vggmod_CIFAR-10_0489.pt,0.7851,1.2735129714012146
poisoned_models/trainval/poisoned_vggmod_CIFAR-10_0490.pt,0.7744,1.31647390127182
poisoned_models/trainval/poisoned_vggmod_CIFAR-10_0491.pt,0.7641,1.1873169004917146
poisoned_models/trainval/poisoned_vggmod_CIFAR-10_0492.pt,0.7719,1.3385961651802063
poisoned_models/trainval/poisoned_vggmod_CIFAR-10_0493.pt,0.771,1.290992224216461
poisoned_models/trainval/poisoned_vggmod_CIFAR-10_0494.pt,0.7708,1.339161032438278
poisoned_models/trainval/poisoned_vggmod_CIFAR-10_0495.pt,0.7553,1.4594151616096496
poisoned_models/trainval/poisoned_vggmod_CIFAR-10_0496.pt,0.7639,1.3753856480121613
poisoned_models/trainval/poisoned_vggmod_CIFAR-10_0497.pt,0.7747,1.285434865951538
poisoned_models/trainval/poisoned_vggmod_CIFAR-10_0498.pt,0.772,1.1678292721509933
poisoned_models/trainval/poisoned_vggmod_CIFAR-10_0499.pt,0.7669,1.3164713084697723
clean_models/test/clean_vggmod_CIFAR-10_0000.pt,0.7678,1.083127200603485
clean_models/test/clean_vggmod_CIFAR-10_0001.pt,0.7692,1.373652160167694
clean_models/test/clean_vggmod_CIFAR-10_0002.pt,0.7745,1.301059490442276
clean_models/test/clean_vggmod_CIFAR-10_0003.pt,0.7798,1.2882734954357147
clean_models/test/clean_vggmod_CIFAR-10_0004.pt,0.7648,1.4450173795223236
clean_models/test/clean_vggmod_CIFAR-10_0005.pt,0.7777,1.0196338653564454
clean_models/test/clean_vggmod_CIFAR-10_0006.pt,0.7719,1.4565146505832671
clean_models/test/clean_vggmod_CIFAR-10_0007.pt,0.7743,1.364210659265518
clean_models/test/clean_vggmod_CIFAR-10_0008.pt,0.7746,1.3300857186317443
clean_models/test/clean_vggmod_CIFAR-10_0009.pt,0.7775,1.251982533931732
clean_models/test/clean_vggmod_CIFAR-10_0010.pt,0.7599,1.1536328822374344
clean_models/test/clean_vggmod_CIFAR-10_0011.pt,0.765,1.3938038229942322
clean_models/test/clean_vggmod_CIFAR-10_0012.pt,0.7678,1.2536482155323028
clean_models/test/clean_vggmod_CIFAR-10_0013.pt,0.7618,1.3680454254150392
clean_models/test/clean_vggmod_CIFAR-10_0014.pt,0.7692,1.3674889028072357
clean_models/test/clean_vggmod_CIFAR-10_0015.pt,0.7795,1.3050624430179596
clean_models/test/clean_vggmod_CIFAR-10_0016.pt,0.7613,1.4142029225826263
clean_models/test/clean_vggmod_CIFAR-10_0017.pt,0.7717,1.3060996979475021
clean_models/test/clean_vggmod_CIFAR-10_0018.pt,0.7788,1.3201745808124543
clean_models/test/clean_vggmod_CIFAR-10_0019.pt,0.7737,1.3981794655323028
clean_models/test/clean_vggmod_CIFAR-10_0020.pt,0.7728,1.3773782312870027
clean_models/test/clean_vggmod_CIFAR-10_0021.pt,0.7836,1.3543798685073853
clean_models/test/clean_vggmod_CIFAR-10_0022.pt,0.7711,1.4068202555179596
clean_models/test/clean_vggmod_CIFAR-10_0023.pt,0.7732,1.3148114323616027
clean_models/test/clean_vggmod_CIFAR-10_0024.pt,0.7582,1.2408300727605819
clean_models/test/clean_vggmod_CIFAR-10_0025.pt,0.7651,1.412842708826065
clean_models/test/clean_vggmod_CIFAR-10_0026.pt,0.7747,1.3128381371498108
clean_models/test/clean_vggmod_CIFAR-10_0027.pt,0.7701,1.302227294445038
clean_models/test/clean_vggmod_CIFAR-10_0028.pt,0.7799,1.3488730132579803
clean_models/test/clean_vggmod_CIFAR-10_0029.pt,0.7639,1.4971151530742646
clean_models/test/clean_vggmod_CIFAR-10_0030.pt,0.7652,1.4959211826324463
clean_models/test/clean_vggmod_CIFAR-10_0031.pt,0.7607,1.5289168894290923
clean_models/test/clean_vggmod_CIFAR-10_0032.pt,0.7802,1.3029351711273194
clean_models/test/clean_vggmod_CIFAR-10_0033.pt,0.7657,1.3839593470096587
clean_models/test/clean_vggmod_CIFAR-10_0034.pt,0.7758,1.4654242098331451
clean_models/test/clean_vggmod_CIFAR-10_0035.pt,0.772,1.3423121213912963
clean_models/test/clean_vggmod_CIFAR-10_0036.pt,0.7688,1.3371353685855865
clean_models/test/clean_vggmod_CIFAR-10_0037.pt,0.7644,1.2137280225753784
clean_models/test/clean_vggmod_CIFAR-10_0038.pt,0.772,1.4049024522304534
clean_models/test/clean_vggmod_CIFAR-10_0039.pt,0.7783,1.1513751447200775
clean_models/test/clean_vggmod_CIFAR-10_0040.pt,0.7707,1.2152407705783843
clean_models/test/clean_vggmod_CIFAR-10_0041.pt,0.7718,1.326220440864563
clean_models/test/clean_vggmod_CIFAR-10_0042.pt,0.7707,1.5107105791568756
clean_models/test/clean_vggmod_CIFAR-10_0043.pt,0.7596,1.5492554783821106
clean_models/test/clean_vggmod_CIFAR-10_0044.pt,0.7768,1.4223108828067779
clean_models/test/clean_vggmod_CIFAR-10_0045.pt,0.777,1.5059203326702117
clean_models/test/clean_vggmod_CIFAR-10_0046.pt,0.7719,0.9679013818502427
clean_models/test/clean_vggmod_CIFAR-10_0047.pt,0.7704,1.342492687702179
clean_models/test/clean_vggmod_CIFAR-10_0048.pt,0.7753,1.3517448544502257
clean_models/test/clean_vggmod_CIFAR-10_0049.pt,0.7765,1.3606928825378417
clean_models/test/clean_vggmod_CIFAR-10_0050.pt,0.7557,1.2922070622444153
clean_models/test/clean_vggmod_CIFAR-10_0051.pt,0.7739,0.7705477118492127
clean_models/test/clean_vggmod_CIFAR-10_0052.pt,0.7729,1.3567403852939606
clean_models/test/clean_vggmod_CIFAR-10_0053.pt,0.7715,1.1682706236839295
clean_models/test/clean_vggmod_CIFAR-10_0054.pt,0.7447,1.432903814315796
clean_models/test/clean_vggmod_CIFAR-10_0055.pt,0.7733,1.3271059095859528
clean_models/test/clean_vggmod_CIFAR-10_0056.pt,0.7651,1.4173446357250215
clean_models/test/clean_vggmod_CIFAR-10_0057.pt,0.7683,1.1322743207216264
clean_models/test/clean_vggmod_CIFAR-10_0058.pt,0.7601,1.3627577781677247
clean_models/test/clean_vggmod_CIFAR-10_0059.pt,0.7626,1.4192640721797942
clean_models/test/clean_vggmod_CIFAR-10_0060.pt,0.7697,1.3639892518520356
clean_models/test/clean_vggmod_CIFAR-10_0061.pt,0.7806,1.383475089073181
clean_models/test/clean_vggmod_CIFAR-10_0062.pt,0.7705,1.2563045799732209
clean_models/test/clean_vggmod_CIFAR-10_0063.pt,0.7735,1.229323011636734
clean_models/test/clean_vggmod_CIFAR-10_0064.pt,0.7628,1.4372154474258423
clean_models/test/clean_vggmod_CIFAR-10_0065.pt,0.781,1.325794780254364
clean_models/test/clean_vggmod_CIFAR-10_0066.pt,0.7749,1.1947009235620498
clean_models/test/clean_vggmod_CIFAR-10_0067.pt,0.7779,1.3680261075496674
clean_models/test/clean_vggmod_CIFAR-10_0068.pt,0.776,1.3047365546226501
clean_models/test/clean_vggmod_CIFAR-10_0069.pt,0.7666,1.422049444913864
clean_models/test/clean_vggmod_CIFAR-10_0070.pt,0.7715,1.303921115398407
clean_models/test/clean_vggmod_CIFAR-10_0071.pt,0.7651,1.3637155830860137
clean_models/test/clean_vggmod_CIFAR-10_0072.pt,0.7741,1.2410175442695617
clean_models/test/clean_vggmod_CIFAR-10_0073.pt,0.7823,1.29826700091362
clean_models/test/clean_vggmod_CIFAR-10_0074.pt,0.7662,1.284482127428055
clean_models/test/clean_vggmod_CIFAR-10_0075.pt,0.765,1.361831748485565
clean_models/test/clean_vggmod_CIFAR-10_0076.pt,0.772,1.3301641702651978
clean_models/test/clean_vggmod_CIFAR-10_0077.pt,0.7675,1.4740845322608949
clean_models/test/clean_vggmod_CIFAR-10_0078.pt,0.7772,1.3045150220394135
clean_models/test/clean_vggmod_CIFAR-10_0079.pt,0.7694,1.3502528965473175
clean_models/test/clean_vggmod_CIFAR-10_0080.pt,0.7579,1.466543012857437
clean_models/test/clean_vggmod_CIFAR-10_0081.pt,0.7781,1.168421420454979
clean_models/test/clean_vggmod_CIFAR-10_0082.pt,0.7628,1.407152384519577
clean_models/test/clean_vggmod_CIFAR-10_0083.pt,0.7643,1.394517719745636
clean_models/test/clean_vggmod_CIFAR-10_0084.pt,0.7558,1.4245610177516936
clean_models/test/clean_vggmod_CIFAR-10_0085.pt,0.7746,1.34828822016716
clean_models/test/clean_vggmod_CIFAR-10_0086.pt,0.7634,1.268436399102211
clean_models/test/clean_vggmod_CIFAR-10_0087.pt,0.7756,1.3195321142673493
clean_models/test/clean_vggmod_CIFAR-10_0088.pt,0.7689,1.4500348806381225
clean_models/test/clean_vggmod_CIFAR-10_0089.pt,0.7605,1.6146300554275512
clean_models/test/clean_vggmod_CIFAR-10_0090.pt,0.7709,1.4665515899658204
clean_models/test/clean_vggmod_CIFAR-10_0091.pt,0.7709,1.2182903051376344
clean_models/test/clean_vggmod_CIFAR-10_0092.pt,0.7694,1.2607544481754303
clean_models/test/clean_vggmod_CIFAR-10_0093.pt,0.7666,1.2234158039093017
clean_models/test/clean_vggmod_CIFAR-10_0094.pt,0.768,1.3956254482269288
clean_models/test/clean_vggmod_CIFAR-10_0095.pt,0.7576,1.1577764660120011
clean_models/test/clean_vggmod_CIFAR-10_0096.pt,0.7738,1.3418977975845336
clean_models/test/clean_vggmod_CIFAR-10_0097.pt,0.7705,1.3675766944885255
clean_models/test/clean_vggmod_CIFAR-10_0098.pt,0.7801,1.3728402435779572
clean_models/test/clean_vggmod_CIFAR-10_0099.pt,0.7547,1.2917767763137817
clean_models/trainval/clean_vggmod_CIFAR-10_0000.pt,0.775,1.493787270784378
clean_models/trainval/clean_vggmod_CIFAR-10_0001.pt,0.7654,1.3518100559711457
clean_models/trainval/clean_vggmod_CIFAR-10_0002.pt,0.7717,1.3338492512702942
clean_models/trainval/clean_vggmod_CIFAR-10_0003.pt,0.7606,1.1584913909435273
clean_models/trainval/clean_vggmod_CIFAR-10_0004.pt,0.7688,1.3158459126949311
clean_models/trainval/clean_vggmod_CIFAR-10_0005.pt,0.7662,1.119504714012146
clean_models/trainval/clean_vggmod_CIFAR-10_0006.pt,0.7697,1.3641192972660066
clean_models/trainval/clean_vggmod_CIFAR-10_0007.pt,0.762,1.4641090631484985
clean_models/trainval/clean_vggmod_CIFAR-10_0008.pt,0.7638,0.8855953544378281
clean_models/trainval/clean_vggmod_CIFAR-10_0009.pt,0.7705,1.340132623910904
clean_models/trainval/clean_vggmod_CIFAR-10_0010.pt,0.7528,1.496996432542801
clean_models/trainval/clean_vggmod_CIFAR-10_0011.pt,0.7662,1.3978312194347382
clean_models/trainval/clean_vggmod_CIFAR-10_0012.pt,0.7693,1.3640077233314514
clean_models/trainval/clean_vggmod_CIFAR-10_0013.pt,0.7656,1.1521942555904388
clean_models/trainval/clean_vggmod_CIFAR-10_0014.pt,0.7551,1.419544941186905
clean_models/trainval/clean_vggmod_CIFAR-10_0015.pt,0.7708,1.5228591918945313
clean_models/trainval/clean_vggmod_CIFAR-10_0016.pt,0.7586,1.41493821144104
clean_models/trainval/clean_vggmod_CIFAR-10_0017.pt,0.7619,1.4405144810676576
clean_models/trainval/clean_vggmod_CIFAR-10_0018.pt,0.7598,1.1713016241788865
clean_models/trainval/clean_vggmod_CIFAR-10_0019.pt,0.7701,1.2596144497394561
clean_models/trainval/clean_vggmod_CIFAR-10_0020.pt,0.7551,1.414729017019272
clean_models/trainval/clean_vggmod_CIFAR-10_0021.pt,0.7659,1.3151505410671234
clean_models/trainval/clean_vggmod_CIFAR-10_0022.pt,0.7595,1.4201037764549256
clean_models/trainval/clean_vggmod_CIFAR-10_0023.pt,0.7608,1.1922313153743744
clean_models/trainval/clean_vggmod_CIFAR-10_0024.pt,0.776,1.3018504440784455
clean_models/trainval/clean_vggmod_CIFAR-10_0025.pt,0.7713,1.2387582242488862
clean_models/trainval/clean_vggmod_CIFAR-10_0026.pt,0.7604,1.4133570075035096
clean_models/trainval/clean_vggmod_CIFAR-10_0027.pt,0.7556,0.9638770401477814
clean_models/trainval/clean_vggmod_CIFAR-10_0028.pt,0.7684,1.1963838666677475
clean_models/trainval/clean_vggmod_CIFAR-10_0029.pt,0.7691,1.254029494524002
clean_models/trainval/clean_vggmod_CIFAR-10_0030.pt,0.7605,1.3211716532707214
clean_models/trainval/clean_vggmod_CIFAR-10_0031.pt,0.7616,1.4047543287277222
clean_models/trainval/clean_vggmod_CIFAR-10_0032.pt,0.7618,1.3305019855499267
clean_models/trainval/clean_vggmod_CIFAR-10_0033.pt,0.7645,1.4837746143341064
clean_models/trainval/clean_vggmod_CIFAR-10_0034.pt,0.765,1.3288264214992522
clean_models/trainval/clean_vggmod_CIFAR-10_0035.pt,0.7605,1.22251398563385
clean_models/trainval/clean_vggmod_CIFAR-10_0036.pt,0.7606,1.357556790113449
clean_models/trainval/clean_vggmod_CIFAR-10_0037.pt,0.76,1.4180301129817963
clean_models/trainval/clean_vggmod_CIFAR-10_0038.pt,0.7697,1.3119962990283967
clean_models/trainval/clean_vggmod_CIFAR-10_0039.pt,0.7638,1.2350708186626433
clean_models/trainval/clean_vggmod_CIFAR-10_0040.pt,0.7534,1.4507616817951203
clean_models/trainval/clean_vggmod_CIFAR-10_0041.pt,0.7683,1.3724740087985992
clean_models/trainval/clean_vggmod_CIFAR-10_0042.pt,0.7727,1.3827498257160187
clean_models/trainval/clean_vggmod_CIFAR-10_0043.pt,0.7671,1.108069658279419
clean_models/trainval/clean_vggmod_CIFAR-10_0044.pt,0.756,1.003035807609558
clean_models/trainval/clean_vggmod_CIFAR-10_0045.pt,0.7608,1.3126318275928497
clean_models/trainval/clean_vggmod_CIFAR-10_0046.pt,0.7675,1.2730477333068848
clean_models/trainval/clean_vggmod_CIFAR-10_0047.pt,0.7675,1.3579461991786956
clean_models/trainval/clean_vggmod_CIFAR-10_0048.pt,0.7609,1.362207043170929
clean_models/trainval/clean_vggmod_CIFAR-10_0049.pt,0.7621,1.3157824337482453
clean_models/trainval/clean_vggmod_CIFAR-10_0050.pt,0.7709,1.3558143973350525
clean_models/trainval/clean_vggmod_CIFAR-10_0051.pt,0.7617,1.4443374693393707
clean_models/trainval/clean_vggmod_CIFAR-10_0052.pt,0.7698,1.414037275314331
clean_models/trainval/clean_vggmod_CIFAR-10_0053.pt,0.7718,1.2176819145679474
clean_models/trainval/clean_vggmod_CIFAR-10_0054.pt,0.764,1.3305186331272125
clean_models/trainval/clean_vggmod_CIFAR-10_0055.pt,0.7623,1.3824637353420257
clean_models/trainval/clean_vggmod_CIFAR-10_0056.pt,0.7761,1.28057721555233
clean_models/trainval/clean_vggmod_CIFAR-10_0057.pt,0.7678,1.193229541182518
clean_models/trainval/clean_vggmod_CIFAR-10_0058.pt,0.7565,1.5057161152362823
clean_models/trainval/clean_vggmod_CIFAR-10_0059.pt,0.7751,1.2388420194387435
clean_models/trainval/clean_vggmod_CIFAR-10_0060.pt,0.7584,1.2694210290908814
clean_models/trainval/clean_vggmod_CIFAR-10_0061.pt,0.775,1.4691797256469727
clean_models/trainval/clean_vggmod_CIFAR-10_0062.pt,0.767,0.8221972554922103
clean_models/trainval/clean_vggmod_CIFAR-10_0063.pt,0.7743,0.7378273040056229
clean_models/trainval/clean_vggmod_CIFAR-10_0064.pt,0.7604,1.3602384269237517
clean_models/trainval/clean_vggmod_CIFAR-10_0065.pt,0.7607,1.4874315440654755
clean_models/trainval/clean_vggmod_CIFAR-10_0066.pt,0.7643,1.3855774998664856
clean_models/trainval/clean_vggmod_CIFAR-10_0067.pt,0.7709,1.2729204535484313
clean_models/trainval/clean_vggmod_CIFAR-10_0068.pt,0.7527,1.5507799506187439
clean_models/trainval/clean_vggmod_CIFAR-10_0069.pt,0.7629,1.326681810617447
clean_models/trainval/clean_vggmod_CIFAR-10_0070.pt,0.7558,1.4488803505897523
clean_models/trainval/clean_vggmod_CIFAR-10_0071.pt,0.7655,1.4301055073738098
clean_models/trainval/clean_vggmod_CIFAR-10_0072.pt,0.7727,1.3035671710968018
clean_models/trainval/clean_vggmod_CIFAR-10_0073.pt,0.7841,1.3314396023750306
clean_models/trainval/clean_vggmod_CIFAR-10_0074.pt,0.7611,1.342591142654419
clean_models/trainval/clean_vggmod_CIFAR-10_0075.pt,0.7752,1.214460563659668
clean_models/trainval/clean_vggmod_CIFAR-10_0076.pt,0.7716,1.2987896382808686
clean_models/trainval/clean_vggmod_CIFAR-10_0077.pt,0.7523,1.5236702620983125
clean_models/trainval/clean_vggmod_CIFAR-10_0078.pt,0.7665,1.3671426236629487
clean_models/trainval/clean_vggmod_CIFAR-10_0079.pt,0.7618,1.502259373664856
clean_models/trainval/clean_vggmod_CIFAR-10_0080.pt,0.7748,0.7476716697216034
clean_models/trainval/clean_vggmod_CIFAR-10_0081.pt,0.7649,1.4552381038665771
clean_models/trainval/clean_vggmod_CIFAR-10_0082.pt,0.763,1.3498279452323914
clean_models/trainval/clean_vggmod_CIFAR-10_0083.pt,0.7598,1.4231207430362702
clean_models/trainval/clean_vggmod_CIFAR-10_0084.pt,0.7697,1.1685720384120941
clean_models/trainval/clean_vggmod_CIFAR-10_0085.pt,0.7743,1.0060271829366685
clean_models/trainval/clean_vggmod_CIFAR-10_0086.pt,0.7673,1.3769168853759766
clean_models/trainval/clean_vggmod_CIFAR-10_0087.pt,0.7611,1.3131352305412292
clean_models/trainval/clean_vggmod_CIFAR-10_0088.pt,0.7603,1.4669335663318634
clean_models/trainval/clean_vggmod_CIFAR-10_0089.pt,0.7682,1.3218535423278808
clean_models/trainval/clean_vggmod_CIFAR-10_0090.pt,0.7663,1.3523232221603394
clean_models/trainval/clean_vggmod_CIFAR-10_0091.pt,0.7672,1.3429936349391938
clean_models/trainval/clean_vggmod_CIFAR-10_0092.pt,0.7558,1.5857751548290253
clean_models/trainval/clean_vggmod_CIFAR-10_0093.pt,0.7637,1.4813803732395172
clean_models/trainval/clean_vggmod_CIFAR-10_0094.pt,0.7707,1.3620818495750426
clean_models/trainval/clean_vggmod_CIFAR-10_0095.pt,0.7651,1.1803833216428756
clean_models/trainval/clean_vggmod_CIFAR-10_0096.pt,0.7601,1.4148213267326355
clean_models/trainval/clean_vggmod_CIFAR-10_0097.pt,0.7797,1.1117952406406402
clean_models/trainval/clean_vggmod_CIFAR-10_0098.pt,0.7566,1.4696083605289458
clean_models/trainval/clean_vggmod_CIFAR-10_0099.pt,0.7694,1.1044417947530747
clean_models/trainval/clean_vggmod_CIFAR-10_0100.pt,0.7617,1.3851948261260987
clean_models/trainval/clean_vggmod_CIFAR-10_0101.pt,0.7687,1.3771456956863404
clean_models/trainval/clean_vggmod_CIFAR-10_0102.pt,0.7742,1.4449471831321716
clean_models/trainval/clean_vggmod_CIFAR-10_0103.pt,0.7749,1.33198179602623
clean_models/trainval/clean_vggmod_CIFAR-10_0104.pt,0.7783,1.3215356171131134
clean_models/trainval/clean_vggmod_CIFAR-10_0105.pt,0.7567,1.3824617624282838
clean_models/trainval/clean_vggmod_CIFAR-10_0106.pt,0.7749,1.3140661358833312
clean_models/trainval/clean_vggmod_CIFAR-10_0107.pt,0.7642,1.3323975026607513
clean_models/trainval/clean_vggmod_CIFAR-10_0108.pt,0.7647,1.304211401939392
clean_models/trainval/clean_vggmod_CIFAR-10_0109.pt,0.7688,1.2584849655628205
clean_models/trainval/clean_vggmod_CIFAR-10_0110.pt,0.7658,1.2324919819831848
clean_models/trainval/clean_vggmod_CIFAR-10_0111.pt,0.7617,1.4861653387546538
clean_models/trainval/clean_vggmod_CIFAR-10_0112.pt,0.7601,1.236123752593994
clean_models/trainval/clean_vggmod_CIFAR-10_0113.pt,0.7682,1.1150843441486358
clean_models/trainval/clean_vggmod_CIFAR-10_0114.pt,0.7662,1.4365508735179902
clean_models/trainval/clean_vggmod_CIFAR-10_0115.pt,0.7653,1.2958250999450684
clean_models/trainval/clean_vggmod_CIFAR-10_0116.pt,0.7502,1.514853048324585
clean_models/trainval/clean_vggmod_CIFAR-10_0117.pt,0.7656,1.0623878419399262
clean_models/trainval/clean_vggmod_CIFAR-10_0118.pt,0.7685,1.423302412033081
clean_models/trainval/clean_vggmod_CIFAR-10_0119.pt,0.7667,1.4296383678913116
clean_models/trainval/clean_vggmod_CIFAR-10_0120.pt,0.7592,1.3731410264968873
clean_models/trainval/clean_vggmod_CIFAR-10_0121.pt,0.7614,1.336825156211853
clean_models/trainval/clean_vggmod_CIFAR-10_0122.pt,0.7707,1.4054149270057679
clean_models/trainval/clean_vggmod_CIFAR-10_0123.pt,0.774,1.3977259814739227
clean_models/trainval/clean_vggmod_CIFAR-10_0124.pt,0.7726,1.363119161128998
clean_models/trainval/clean_vggmod_CIFAR-10_0125.pt,0.759,1.5089215874671935
clean_models/trainval/clean_vggmod_CIFAR-10_0126.pt,0.7592,1.3776097536087035
clean_models/trainval/clean_vggmod_CIFAR-10_0127.pt,0.7662,1.4801217377185822
clean_models/trainval/clean_vggmod_CIFAR-10_0128.pt,0.7616,1.4217051684856414
clean_models/trainval/clean_vggmod_CIFAR-10_0129.pt,0.7703,1.2998481452465058
clean_models/trainval/clean_vggmod_CIFAR-10_0130.pt,0.766,1.29128697514534
clean_models/trainval/clean_vggmod_CIFAR-10_0131.pt,0.7568,1.4631899774074555
clean_models/trainval/clean_vggmod_CIFAR-10_0132.pt,0.7746,1.24743692278862
clean_models/trainval/clean_vggmod_CIFAR-10_0133.pt,0.7675,1.446552813053131
clean_models/trainval/clean_vggmod_CIFAR-10_0134.pt,0.7579,1.4812602698802948
clean_models/trainval/clean_vggmod_CIFAR-10_0135.pt,0.7744,1.2940154850482941
clean_models/trainval/clean_vggmod_CIFAR-10_0136.pt,0.7668,1.343496060371399
clean_models/trainval/clean_vggmod_CIFAR-10_0137.pt,0.7637,1.5238352417945862
clean_models/trainval/clean_vggmod_CIFAR-10_0138.pt,0.7723,1.4391954302787782
clean_models/trainval/clean_vggmod_CIFAR-10_0139.pt,0.7629,1.416108524799347
clean_models/trainval/clean_vggmod_CIFAR-10_0140.pt,0.7631,1.3058760166168213
clean_models/trainval/clean_vggmod_CIFAR-10_0141.pt,0.7502,1.359856414794922
clean_models/trainval/clean_vggmod_CIFAR-10_0142.pt,0.7692,1.3585655510425567
clean_models/trainval/clean_vggmod_CIFAR-10_0143.pt,0.7618,1.4482990145683288
clean_models/trainval/clean_vggmod_CIFAR-10_0144.pt,0.7521,1.1563345789909363
clean_models/trainval/clean_vggmod_CIFAR-10_0145.pt,0.7682,1.4690878808498382
clean_models/trainval/clean_vggmod_CIFAR-10_0146.pt,0.7611,1.447447019815445
clean_models/trainval/clean_vggmod_CIFAR-10_0147.pt,0.7711,1.3858976066112518
clean_models/trainval/clean_vggmod_CIFAR-10_0148.pt,0.7628,1.4754485487937927
clean_models/trainval/clean_vggmod_CIFAR-10_0149.pt,0.7578,1.268471223115921
clean_models/trainval/clean_vggmod_CIFAR-10_0150.pt,0.7682,1.3755247294902802
clean_models/trainval/clean_vggmod_CIFAR-10_0151.pt,0.7621,1.3566670835018158
clean_models/trainval/clean_vggmod_CIFAR-10_0152.pt,0.7584,1.3763626396656037
clean_models/trainval/clean_vggmod_CIFAR-10_0153.pt,0.7623,1.512713122367859
clean_models/trainval/clean_vggmod_CIFAR-10_0154.pt,0.7707,1.221012133359909
clean_models/trainval/clean_vggmod_CIFAR-10_0155.pt,0.764,1.210057306289673
clean_models/trainval/clean_vggmod_CIFAR-10_0156.pt,0.7511,1.1406106442213058
clean_models/trainval/clean_vggmod_CIFAR-10_0157.pt,0.7693,1.2938869178295136
clean_models/trainval/clean_vggmod_CIFAR-10_0158.pt,0.7704,1.1584934383630752
clean_models/trainval/clean_vggmod_CIFAR-10_0159.pt,0.7655,1.324471890926361
clean_models/trainval/clean_vggmod_CIFAR-10_0160.pt,0.7539,0.9585945248603821
clean_models/trainval/clean_vggmod_CIFAR-10_0161.pt,0.7597,1.4884409248828887
clean_models/trainval/clean_vggmod_CIFAR-10_0162.pt,0.7552,1.1079693138599396
clean_models/trainval/clean_vggmod_CIFAR-10_0163.pt,0.7554,1.4558366239070892
clean_models/trainval/clean_vggmod_CIFAR-10_0164.pt,0.7751,1.2057146191596986
clean_models/trainval/clean_vggmod_CIFAR-10_0165.pt,0.7594,1.3397440791130066
clean_models/trainval/clean_vggmod_CIFAR-10_0166.pt,0.7579,1.357939177751541
clean_models/trainval/clean_vggmod_CIFAR-10_0167.pt,0.7592,1.456172513961792
clean_models/trainval/clean_vggmod_CIFAR-10_0168.pt,0.7651,1.2708761274814606
clean_models/trainval/clean_vggmod_CIFAR-10_0169.pt,0.7563,1.5574091613292693
clean_models/trainval/clean_vggmod_CIFAR-10_0170.pt,0.7599,1.375094622373581
clean_models/trainval/clean_vggmod_CIFAR-10_0171.pt,0.7734,1.1596946865320206
clean_models/trainval/clean_vggmod_CIFAR-10_0172.pt,0.7776,1.2834581851959228
clean_models/trainval/clean_vggmod_CIFAR-10_0173.pt,0.7724,1.4487762570381164
clean_models/trainval/clean_vggmod_CIFAR-10_0174.pt,0.7692,1.2867103219032288
clean_models/trainval/clean_vggmod_CIFAR-10_0175.pt,0.7606,1.296206820011139
clean_models/trainval/clean_vggmod_CIFAR-10_0176.pt,0.7576,1.2912186861038208
clean_models/trainval/clean_vggmod_CIFAR-10_0177.pt,0.7649,1.425089454650879
clean_models/trainval/clean_vggmod_CIFAR-10_0178.pt,0.7695,1.274989026784897
clean_models/trainval/clean_vggmod_CIFAR-10_0179.pt,0.7746,1.0990207344293594
clean_models/trainval/clean_vggmod_CIFAR-10_0180.pt,0.7636,1.1531090974807738
clean_models/trainval/clean_vggmod_CIFAR-10_0181.pt,0.7558,1.2543823182582856
clean_models/trainval/clean_vggmod_CIFAR-10_0182.pt,0.757,1.5254905819892883
clean_models/trainval/clean_vggmod_CIFAR-10_0183.pt,0.7502,1.2045291900634765
clean_models/trainval/clean_vggmod_CIFAR-10_0184.pt,0.7604,1.0907550424337387
clean_models/trainval/clean_vggmod_CIFAR-10_0185.pt,0.7423,1.4117194652557372
clean_models/trainval/clean_vggmod_CIFAR-10_0186.pt,0.7647,1.2934735894203186
clean_models/trainval/clean_vggmod_CIFAR-10_0187.pt,0.7659,1.3409116506576537
clean_models/trainval/clean_vggmod_CIFAR-10_0188.pt,0.7706,1.3272531658411026
clean_models/trainval/clean_vggmod_CIFAR-10_0189.pt,0.7655,1.482479417324066
clean_models/trainval/clean_vggmod_CIFAR-10_0190.pt,0.7686,1.2626488983631134
clean_models/trainval/clean_vggmod_CIFAR-10_0191.pt,0.769,1.0758302897214889
clean_models/trainval/clean_vggmod_CIFAR-10_0192.pt,0.7648,1.4499098539352417
clean_models/trainval/clean_vggmod_CIFAR-10_0193.pt,0.7743,1.2999283254146576
clean_models/trainval/clean_vggmod_CIFAR-10_0194.pt,0.7606,1.4312328755855561
clean_models/trainval/clean_vggmod_CIFAR-10_0195.pt,0.7684,1.2620162308216094
clean_models/trainval/clean_vggmod_CIFAR-10_0196.pt,0.7619,1.121541142463684
clean_models/trainval/clean_vggmod_CIFAR-10_0197.pt,0.7634,1.2283688187599182
clean_models/trainval/clean_vggmod_CIFAR-10_0198.pt,0.7577,1.416854590177536
clean_models/trainval/clean_vggmod_CIFAR-10_0199.pt,0.7716,1.2712883323431015
clean_models/trainval/clean_vggmod_CIFAR-10_0200.pt,0.7645,1.5457110941410064
clean_models/trainval/clean_vggmod_CIFAR-10_0201.pt,0.7667,1.334122610092163
clean_models/trainval/clean_vggmod_CIFAR-10_0202.pt,0.752,0.998051393032074
clean_models/trainval/clean_vggmod_CIFAR-10_0203.pt,0.7636,1.4183714926242827
clean_models/trainval/clean_vggmod_CIFAR-10_0204.pt,0.7629,1.358372038602829
clean_models/trainval/clean_vggmod_CIFAR-10_0205.pt,0.7673,1.4330653548240662
clean_models/trainval/clean_vggmod_CIFAR-10_0206.pt,0.7624,1.2798942923545837
clean_models/trainval/clean_vggmod_CIFAR-10_0207.pt,0.7661,1.2417966961860656
clean_models/trainval/clean_vggmod_CIFAR-10_0208.pt,0.7635,1.3391384541988374
clean_models/trainval/clean_vggmod_CIFAR-10_0209.pt,0.7671,1.3659911692142486
clean_models/trainval/clean_vggmod_CIFAR-10_0210.pt,0.7716,1.2077590227127075
clean_models/trainval/clean_vggmod_CIFAR-10_0211.pt,0.7555,1.4519074738025666
clean_models/trainval/clean_vggmod_CIFAR-10_0212.pt,0.7716,1.31802396774292
clean_models/trainval/clean_vggmod_CIFAR-10_0213.pt,0.7622,1.4894015967845917
clean_models/trainval/clean_vggmod_CIFAR-10_0214.pt,0.7569,1.1803655922412872
clean_models/trainval/clean_vggmod_CIFAR-10_0215.pt,0.7631,1.5412533581256866
clean_models/trainval/clean_vggmod_CIFAR-10_0216.pt,0.7512,1.510520577430725
clean_models/trainval/clean_vggmod_CIFAR-10_0217.pt,0.7654,1.355147010087967
clean_models/trainval/clean_vggmod_CIFAR-10_0218.pt,0.7736,1.1912775039672852
clean_models/trainval/clean_vggmod_CIFAR-10_0219.pt,0.7652,1.4232917964458465
clean_models/trainval/clean_vggmod_CIFAR-10_0220.pt,0.7702,1.2909999132156371
clean_models/trainval/clean_vggmod_CIFAR-10_0221.pt,0.7667,1.385310697555542
clean_models/trainval/clean_vggmod_CIFAR-10_0222.pt,0.7601,1.13909952044487
clean_models/trainval/clean_vggmod_CIFAR-10_0223.pt,0.7763,1.3702025055885314
clean_models/trainval/clean_vggmod_CIFAR-10_0224.pt,0.7782,1.3609730541706084
clean_models/trainval/clean_vggmod_CIFAR-10_0225.pt,0.7604,1.3927755773067474
clean_models/trainval/clean_vggmod_CIFAR-10_0226.pt,0.7759,1.1859281182289123
clean_models/trainval/clean_vggmod_CIFAR-10_0227.pt,0.7671,1.295122003555298
clean_models/trainval/clean_vggmod_CIFAR-10_0228.pt,0.7543,1.4222052335739135
clean_models/trainval/clean_vggmod_CIFAR-10_0229.pt,0.7708,1.4094531059265136
clean_models/trainval/clean_vggmod_CIFAR-10_0230.pt,0.771,1.2095571547746657
clean_models/trainval/clean_vggmod_CIFAR-10_0231.pt,0.7713,1.2924888491630555
clean_models/trainval/clean_vggmod_CIFAR-10_0232.pt,0.7764,1.007014513015747
clean_models/trainval/clean_vggmod_CIFAR-10_0233.pt,0.7633,1.4133678913116454
clean_models/trainval/clean_vggmod_CIFAR-10_0234.pt,0.7508,1.3650743246078492
clean_models/trainval/clean_vggmod_CIFAR-10_0235.pt,0.7591,1.349556279182434
clean_models/trainval/clean_vggmod_CIFAR-10_0236.pt,0.7629,1.3754356682300568
clean_models/trainval/clean_vggmod_CIFAR-10_0237.pt,0.7605,1.4396518349647522
clean_models/trainval/clean_vggmod_CIFAR-10_0238.pt,0.772,1.1376110762357712
clean_models/trainval/clean_vggmod_CIFAR-10_0239.pt,0.7636,0.7949687361717224
clean_models/trainval/clean_vggmod_CIFAR-10_0240.pt,0.7685,1.3821030795574187
clean_models/trainval/clean_vggmod_CIFAR-10_0241.pt,0.7757,1.353938752412796
clean_models/trainval/clean_vggmod_CIFAR-10_0242.pt,0.7704,1.438228976726532
clean_models/trainval/clean_vggmod_CIFAR-10_0243.pt,0.7663,1.3864674866199493
clean_models/trainval/clean_vggmod_CIFAR-10_0244.pt,0.7591,1.5510853230953217
clean_models/trainval/clean_vggmod_CIFAR-10_0245.pt,0.7555,1.3385313212871552
clean_models/trainval/clean_vggmod_CIFAR-10_0246.pt,0.7666,1.3061124622821807
clean_models/trainval/clean_vggmod_CIFAR-10_0247.pt,0.7719,1.4231238543987275
clean_models/trainval/clean_vggmod_CIFAR-10_0248.pt,0.7684,1.2296741157770157
clean_models/trainval/clean_vggmod_CIFAR-10_0249.pt,0.7623,1.0674006581306457
clean_models/trainval/clean_vggmod_CIFAR-10_0250.pt,0.7681,1.3132568538188933
clean_models/trainval/clean_vggmod_CIFAR-10_0251.pt,0.7703,1.3368204236030579
clean_models/trainval/clean_vggmod_CIFAR-10_0252.pt,0.7676,1.3681765019893646
clean_models/trainval/clean_vggmod_CIFAR-10_0253.pt,0.7508,1.392269492149353
clean_models/trainval/clean_vggmod_CIFAR-10_0254.pt,0.7683,1.3621179044246674
clean_models/trainval/clean_vggmod_CIFAR-10_0255.pt,0.758,1.3487985849380493
clean_models/trainval/clean_vggmod_CIFAR-10_0256.pt,0.7594,0.9834870994091034
clean_models/trainval/clean_vggmod_CIFAR-10_0257.pt,0.7635,1.152441892027855
clean_models/trainval/clean_vggmod_CIFAR-10_0258.pt,0.7701,1.400642704963684
clean_models/trainval/clean_vggmod_CIFAR-10_0259.pt,0.7612,1.396985411643982
clean_models/trainval/clean_vggmod_CIFAR-10_0260.pt,0.7625,1.171036234498024
clean_models/trainval/clean_vggmod_CIFAR-10_0261.pt,0.7819,1.141786351799965
clean_models/trainval/clean_vggmod_CIFAR-10_0262.pt,0.7656,1.3819737315177918
clean_models/trainval/clean_vggmod_CIFAR-10_0263.pt,0.7649,1.43711177110672
clean_models/trainval/clean_vggmod_CIFAR-10_0264.pt,0.7487,1.4777882516384124
clean_models/trainval/clean_vggmod_CIFAR-10_0265.pt,0.7588,1.2178250014781953
clean_models/trainval/clean_vggmod_CIFAR-10_0266.pt,0.76,0.7752586245536804
clean_models/trainval/clean_vggmod_CIFAR-10_0267.pt,0.7707,1.3946695923805237
clean_models/trainval/clean_vggmod_CIFAR-10_0268.pt,0.7635,1.04410759806633
clean_models/trainval/clean_vggmod_CIFAR-10_0269.pt,0.7651,1.2579120934009551
clean_models/trainval/clean_vggmod_CIFAR-10_0270.pt,0.7479,1.4819722533226014
clean_models/trainval/clean_vggmod_CIFAR-10_0271.pt,0.768,1.321336805820465
clean_models/trainval/clean_vggmod_CIFAR-10_0272.pt,0.7562,1.343043714761734
clean_models/trainval/clean_vggmod_CIFAR-10_0273.pt,0.7621,1.3337788939476014
clean_models/trainval/clean_vggmod_CIFAR-10_0274.pt,0.7665,1.49870325922966
clean_models/trainval/clean_vggmod_CIFAR-10_0275.pt,0.77,1.2940681219100951
clean_models/trainval/clean_vggmod_CIFAR-10_0276.pt,0.7724,1.2315405011177063
clean_models/trainval/clean_vggmod_CIFAR-10_0277.pt,0.7573,1.4430212020874023
clean_models/trainval/clean_vggmod_CIFAR-10_0278.pt,0.7582,1.2033287346363069
clean_models/trainval/clean_vggmod_CIFAR-10_0279.pt,0.7656,1.2346355766057968
clean_models/trainval/clean_vggmod_CIFAR-10_0280.pt,0.7739,1.410105937719345
clean_models/trainval/clean_vggmod_CIFAR-10_0281.pt,0.7661,1.411021202802658
clean_models/trainval/clean_vggmod_CIFAR-10_0282.pt,0.7597,1.5294725239276885
clean_models/trainval/clean_vggmod_CIFAR-10_0283.pt,0.7693,1.2448087275028228
clean_models/trainval/clean_vggmod_CIFAR-10_0284.pt,0.7538,1.313454031944275
clean_models/trainval/clean_vggmod_CIFAR-10_0285.pt,0.7549,1.2347647488117217
clean_models/trainval/clean_vggmod_CIFAR-10_0286.pt,0.7622,1.3008885115385056
clean_models/trainval/clean_vggmod_CIFAR-10_0287.pt,0.7596,1.4261041760444642
clean_models/trainval/clean_vggmod_CIFAR-10_0288.pt,0.7721,1.0675223231315614
clean_models/trainval/clean_vggmod_CIFAR-10_0289.pt,0.7613,1.4244544565677644
clean_models/trainval/clean_vggmod_CIFAR-10_0290.pt,0.7649,1.4764632642269135
clean_models/trainval/clean_vggmod_CIFAR-10_0291.pt,0.7604,1.3489388704299927
clean_models/trainval/clean_vggmod_CIFAR-10_0292.pt,0.7531,1.608510822057724
clean_models/trainval/clean_vggmod_CIFAR-10_0293.pt,0.7525,1.6075113713741302
clean_models/trainval/clean_vggmod_CIFAR-10_0294.pt,0.7637,1.2570947647094726
clean_models/trainval/clean_vggmod_CIFAR-10_0295.pt,0.7518,1.4358112692832947
clean_models/trainval/clean_vggmod_CIFAR-10_0296.pt,0.7685,1.3587042689323425
clean_models/trainval/clean_vggmod_CIFAR-10_0297.pt,0.7611,1.4500827848911286
clean_models/trainval/clean_vggmod_CIFAR-10_0298.pt,0.7641,1.321021354198456
clean_models/trainval/clean_vggmod_CIFAR-10_0299.pt,0.7637,1.329295712709427
clean_models/trainval/clean_vggmod_CIFAR-10_0300.pt,0.753,1.5722973465919494
clean_models/trainval/clean_vggmod_CIFAR-10_0301.pt,0.7537,1.1248650193214416
clean_models/trainval/clean_vggmod_CIFAR-10_0302.pt,0.763,1.3873993188142777
clean_models/trainval/clean_vggmod_CIFAR-10_0303.pt,0.7585,1.4074488282203674
clean_models/trainval/clean_vggmod_CIFAR-10_0304.pt,0.7597,1.3008994698524474
clean_models/trainval/clean_vggmod_CIFAR-10_0305.pt,0.7705,1.4151514172554016
clean_models/trainval/clean_vggmod_CIFAR-10_0306.pt,0.7528,1.2826352715492249
clean_models/trainval/clean_vggmod_CIFAR-10_0307.pt,0.7715,1.340753173828125
clean_models/trainval/clean_vggmod_CIFAR-10_0308.pt,0.7625,1.5021621406078338
clean_models/trainval/clean_vggmod_CIFAR-10_0309.pt,0.7714,1.4865514576435088
clean_models/trainval/clean_vggmod_CIFAR-10_0310.pt,0.7625,0.7804755002260209
clean_models/trainval/clean_vggmod_CIFAR-10_0311.pt,0.7617,1.1780378878116609
clean_models/trainval/clean_vggmod_CIFAR-10_0312.pt,0.7777,1.2311383724212646
clean_models/trainval/clean_vggmod_CIFAR-10_0313.pt,0.7636,1.419489997625351
clean_models/trainval/clean_vggmod_CIFAR-10_0314.pt,0.756,1.4134853959083558
clean_models/trainval/clean_vggmod_CIFAR-10_0315.pt,0.7591,1.4603508353233337
clean_models/trainval/clean_vggmod_CIFAR-10_0316.pt,0.7675,1.401856356859207
clean_models/trainval/clean_vggmod_CIFAR-10_0317.pt,0.7704,1.284722512960434
clean_models/trainval/clean_vggmod_CIFAR-10_0318.pt,0.7622,1.3711372792720795
clean_models/trainval/clean_vggmod_CIFAR-10_0319.pt,0.7552,1.2082134544849397
clean_models/trainval/clean_vggmod_CIFAR-10_0320.pt,0.7584,1.3529589831829072
clean_models/trainval/clean_vggmod_CIFAR-10_0321.pt,0.7633,0.7986322432756424
clean_models/trainval/clean_vggmod_CIFAR-10_0322.pt,0.7644,1.2274294257164002
clean_models/trainval/clean_vggmod_CIFAR-10_0323.pt,0.7722,1.109313464164734
clean_models/trainval/clean_vggmod_CIFAR-10_0324.pt,0.7541,1.1968134820461274
clean_models/trainval/clean_vggmod_CIFAR-10_0325.pt,0.7766,1.3477114975452422
clean_models/trainval/clean_vggmod_CIFAR-10_0326.pt,0.7455,1.4423942744731904
clean_models/trainval/clean_vggmod_CIFAR-10_0327.pt,0.7622,1.361738246679306
clean_models/trainval/clean_vggmod_CIFAR-10_0328.pt,0.7642,1.3906840264797211
clean_models/trainval/clean_vggmod_CIFAR-10_0329.pt,0.7589,1.476787406206131
clean_models/trainval/clean_vggmod_CIFAR-10_0330.pt,0.7629,1.4536998271942139
clean_models/trainval/clean_vggmod_CIFAR-10_0331.pt,0.7698,1.2230326354503631
clean_models/trainval/clean_vggmod_CIFAR-10_0332.pt,0.7818,1.1998599588871002
clean_models/trainval/clean_vggmod_CIFAR-10_0333.pt,0.7495,0.9070674270391464
clean_models/trainval/clean_vggmod_CIFAR-10_0334.pt,0.75,1.4842749059200286
clean_models/trainval/clean_vggmod_CIFAR-10_0335.pt,0.7662,0.9575335651636123
clean_models/trainval/clean_vggmod_CIFAR-10_0336.pt,0.7564,1.461991262435913
clean_models/trainval/clean_vggmod_CIFAR-10_0337.pt,0.7426,1.567617118358612
clean_models/trainval/clean_vggmod_CIFAR-10_0338.pt,0.7469,1.3627665042877197
clean_models/trainval/clean_vggmod_CIFAR-10_0339.pt,0.7644,1.3902277052402496
clean_models/trainval/clean_vggmod_CIFAR-10_0340.pt,0.7653,1.3619991183280944
clean_models/trainval/clean_vggmod_CIFAR-10_0341.pt,0.7619,1.237261563539505
clean_models/trainval/clean_vggmod_CIFAR-10_0342.pt,0.7777,1.2564594447612762
clean_models/trainval/clean_vggmod_CIFAR-10_0343.pt,0.7658,1.498680454492569
clean_models/trainval/clean_vggmod_CIFAR-10_0344.pt,0.7672,1.4453716576099396
clean_models/trainval/clean_vggmod_CIFAR-10_0345.pt,0.7647,0.9345049679279327
clean_models/trainval/clean_vggmod_CIFAR-10_0346.pt,0.7775,1.2372720062732696
clean_models/trainval/clean_vggmod_CIFAR-10_0347.pt,0.7608,1.2970980644226073
clean_models/trainval/clean_vggmod_CIFAR-10_0348.pt,0.7512,1.3767427265644074
clean_models/trainval/clean_vggmod_CIFAR-10_0349.pt,0.7728,1.3420059323310851
clean_models/trainval/clean_vggmod_CIFAR-10_0350.pt,0.7711,1.2943276762962341
clean_models/trainval/clean_vggmod_CIFAR-10_0351.pt,0.7647,1.2518380880355835
clean_models/trainval/clean_vggmod_CIFAR-10_0352.pt,0.7575,0.9487921476364136
clean_models/trainval/clean_vggmod_CIFAR-10_0353.pt,0.7587,1.5267274022102355
clean_models/trainval/clean_vggmod_CIFAR-10_0354.pt,0.7626,1.437427282333374
clean_models/trainval/clean_vggmod_CIFAR-10_0355.pt,0.7605,1.4942519307136535
clean_models/trainval/clean_vggmod_CIFAR-10_0356.pt,0.7493,1.500537359714508
clean_models/trainval/clean_vggmod_CIFAR-10_0357.pt,0.752,1.3222034454345704
clean_models/trainval/clean_vggmod_CIFAR-10_0358.pt,0.7785,1.0596111208200454
clean_models/trainval/clean_vggmod_CIFAR-10_0359.pt,0.7581,1.2631563514471054
clean_models/trainval/clean_vggmod_CIFAR-10_0360.pt,0.7694,1.3589020371437073
clean_models/trainval/clean_vggmod_CIFAR-10_0361.pt,0.771,1.3342498421669007
clean_models/trainval/clean_vggmod_CIFAR-10_0362.pt,0.7795,1.3252825736999512
clean_models/trainval/clean_vggmod_CIFAR-10_0363.pt,0.7608,1.4613532364368438
clean_models/trainval/clean_vggmod_CIFAR-10_0364.pt,0.7633,1.4351739227771758
clean_models/trainval/clean_vggmod_CIFAR-10_0365.pt,0.7645,1.3844721436500549
clean_models/trainval/clean_vggmod_CIFAR-10_0366.pt,0.7707,1.0692729622125625
clean_models/trainval/clean_vggmod_CIFAR-10_0367.pt,0.7671,1.3676215410232544
clean_models/trainval/clean_vggmod_CIFAR-10_0368.pt,0.765,1.4696092307567596
clean_models/trainval/clean_vggmod_CIFAR-10_0369.pt,0.7474,0.9555303931236268
clean_models/trainval/clean_vggmod_CIFAR-10_0370.pt,0.7541,1.4166932582855225
clean_models/trainval/clean_vggmod_CIFAR-10_0371.pt,0.7691,1.4360104560852052
clean_models/trainval/clean_vggmod_CIFAR-10_0372.pt,0.7622,1.405303603410721
clean_models/trainval/clean_vggmod_CIFAR-10_0373.pt,0.7576,1.4128895819187164
clean_models/trainval/clean_vggmod_CIFAR-10_0374.pt,0.7727,1.3231292337179184
clean_models/trainval/clean_vggmod_CIFAR-10_0375.pt,0.7743,1.3078531980514527
clean_models/trainval/clean_vggmod_CIFAR-10_0376.pt,0.7604,1.3181143701076508
clean_models/trainval/clean_vggmod_CIFAR-10_0377.pt,0.7489,1.5383076190948486
clean_models/trainval/clean_vggmod_CIFAR-10_0378.pt,0.765,1.1832871645689012
clean_models/trainval/clean_vggmod_CIFAR-10_0379.pt,0.764,1.4097166776657104
clean_models/trainval/clean_vggmod_CIFAR-10_0380.pt,0.7714,1.280868947505951
clean_models/trainval/clean_vggmod_CIFAR-10_0381.pt,0.7606,1.4470377385616302
clean_models/trainval/clean_vggmod_CIFAR-10_0382.pt,0.7639,1.46181401014328
clean_models/trainval/clean_vggmod_CIFAR-10_0383.pt,0.7619,1.3628671169281006
clean_models/trainval/clean_vggmod_CIFAR-10_0384.pt,0.7658,1.3626910865306854
clean_models/trainval/clean_vggmod_CIFAR-10_0385.pt,0.7565,0.8677874833345414
clean_models/trainval/clean_vggmod_CIFAR-10_0386.pt,0.7645,1.321675431728363
clean_models/trainval/clean_vggmod_CIFAR-10_0387.pt,0.7479,1.472443062067032
clean_models/trainval/clean_vggmod_CIFAR-10_0388.pt,0.753,1.515053403377533
clean_models/trainval/clean_vggmod_CIFAR-10_0389.pt,0.7538,1.6334517776966095
clean_models/trainval/clean_vggmod_CIFAR-10_0390.pt,0.7728,1.394370585680008
clean_models/trainval/clean_vggmod_CIFAR-10_0391.pt,0.7595,1.3606046974658965
clean_models/trainval/clean_vggmod_CIFAR-10_0392.pt,0.7592,1.334598034620285
clean_models/trainval/clean_vggmod_CIFAR-10_0393.pt,0.7736,1.0204266846179961
clean_models/trainval/clean_vggmod_CIFAR-10_0394.pt,0.7639,1.2396246284246444
clean_models/trainval/clean_vggmod_CIFAR-10_0395.pt,0.752,1.3982213616371155
clean_models/trainval/clean_vggmod_CIFAR-10_0396.pt,0.7717,1.2611743450164794
clean_models/trainval/clean_vggmod_CIFAR-10_0397.pt,0.7548,1.2715772271156311
clean_models/trainval/clean_vggmod_CIFAR-10_0398.pt,0.759,1.4181348860263825
clean_models/trainval/clean_vggmod_CIFAR-10_0399.pt,0.7528,0.7892874836921692
clean_models/trainval/clean_vggmod_CIFAR-10_0400.pt,0.7793,1.2956501305103303
clean_models/trainval/clean_vggmod_CIFAR-10_0401.pt,0.7557,1.173791268467903
clean_models/trainval/clean_vggmod_CIFAR-10_0402.pt,0.7702,1.4316897809505462
clean_models/trainval/clean_vggmod_CIFAR-10_0403.pt,0.7564,1.298065322637558
clean_models/trainval/clean_vggmod_CIFAR-10_0404.pt,0.7751,1.3388485252857207
clean_models/trainval/clean_vggmod_CIFAR-10_0405.pt,0.771,1.4003312230110168
clean_models/trainval/clean_vggmod_CIFAR-10_0406.pt,0.7602,1.4530476748943328
clean_models/trainval/clean_vggmod_CIFAR-10_0407.pt,0.7647,1.4203009963035584
clean_models/trainval/clean_vggmod_CIFAR-10_0408.pt,0.743,0.9955310642719268
clean_models/trainval/clean_vggmod_CIFAR-10_0409.pt,0.7688,1.5934434175491332
clean_models/trainval/clean_vggmod_CIFAR-10_0410.pt,0.7643,1.4675937294960022
clean_models/trainval/clean_vggmod_CIFAR-10_0411.pt,0.7698,1.2455452859401703
clean_models/trainval/clean_vggmod_CIFAR-10_0412.pt,0.7633,1.3347235798835755
clean_models/trainval/clean_vggmod_CIFAR-10_0413.pt,0.7732,1.3636974334716796
clean_models/trainval/clean_vggmod_CIFAR-10_0414.pt,0.7664,1.2687678694725038
clean_models/trainval/clean_vggmod_CIFAR-10_0415.pt,0.7673,0.9000203520059585
clean_models/trainval/clean_vggmod_CIFAR-10_0416.pt,0.7516,0.9577943742275238
clean_models/trainval/clean_vggmod_CIFAR-10_0417.pt,0.7779,1.3711801171302795
clean_models/trainval/clean_vggmod_CIFAR-10_0418.pt,0.7653,1.120479592680931
clean_models/trainval/clean_vggmod_CIFAR-10_0419.pt,0.7703,1.3619626939296723
clean_models/trainval/clean_vggmod_CIFAR-10_0420.pt,0.7557,1.2625167846679688
clean_models/trainval/clean_vggmod_CIFAR-10_0421.pt,0.769,1.4221623718738556
clean_models/trainval/clean_vggmod_CIFAR-10_0422.pt,0.7557,0.7952454030513764
clean_models/trainval/clean_vggmod_CIFAR-10_0423.pt,0.7512,0.8712099730968476
clean_models/trainval/clean_vggmod_CIFAR-10_0424.pt,0.7609,0.9434452295303345
clean_models/trainval/clean_vggmod_CIFAR-10_0425.pt,0.7639,1.463355338573456
clean_models/trainval/clean_vggmod_CIFAR-10_0426.pt,0.7604,1.4520394921302795
clean_models/trainval/clean_vggmod_CIFAR-10_0427.pt,0.7541,1.3547070682048798
clean_models/trainval/clean_vggmod_CIFAR-10_0428.pt,0.7583,1.3618031024932862
clean_models/trainval/clean_vggmod_CIFAR-10_0429.pt,0.764,1.3705615162849427
clean_models/trainval/clean_vggmod_CIFAR-10_0430.pt,0.7788,1.2759237110614776
clean_models/trainval/clean_vggmod_CIFAR-10_0431.pt,0.7681,1.253212720155716
clean_models/trainval/clean_vggmod_CIFAR-10_0432.pt,0.764,1.2975754350423814
clean_models/trainval/clean_vggmod_CIFAR-10_0433.pt,0.7581,1.3804267764091491
clean_models/trainval/clean_vggmod_CIFAR-10_0434.pt,0.77,1.315473872423172
clean_models/trainval/clean_vggmod_CIFAR-10_0435.pt,0.7671,1.3443190991878509
clean_models/trainval/clean_vggmod_CIFAR-10_0436.pt,0.7655,1.3749574661254882
clean_models/trainval/clean_vggmod_CIFAR-10_0437.pt,0.7437,1.2324643671512603
clean_models/trainval/clean_vggmod_CIFAR-10_0438.pt,0.7568,1.6295654594898223
clean_models/trainval/clean_vggmod_CIFAR-10_0439.pt,0.7563,1.5009833693504333
clean_models/trainval/clean_vggmod_CIFAR-10_0440.pt,0.7686,1.3739511013031005
clean_models/trainval/clean_vggmod_CIFAR-10_0441.pt,0.7568,1.5043630421161651
clean_models/trainval/clean_vggmod_CIFAR-10_0442.pt,0.7567,1.4764703929424285
clean_models/trainval/clean_vggmod_CIFAR-10_0443.pt,0.771,1.1733338952064514
clean_models/trainval/clean_vggmod_CIFAR-10_0444.pt,0.7541,1.4595374524593354
clean_models/trainval/clean_vggmod_CIFAR-10_0445.pt,0.7639,1.379377406835556
clean_models/trainval/clean_vggmod_CIFAR-10_0446.pt,0.7736,1.3336875319480896
clean_models/trainval/clean_vggmod_CIFAR-10_0447.pt,0.7747,1.2736694276332856
clean_models/trainval/clean_vggmod_CIFAR-10_0448.pt,0.7709,1.361594420671463
clean_models/trainval/clean_vggmod_CIFAR-10_0449.pt,0.7734,0.9309021472930908
clean_models/trainval/clean_vggmod_CIFAR-10_0450.pt,0.7669,1.0612172305583953
clean_models/trainval/clean_vggmod_CIFAR-10_0451.pt,0.7629,1.3820118248462676
clean_models/trainval/clean_vggmod_CIFAR-10_0452.pt,0.7646,1.3705484449863434
clean_models/trainval/clean_vggmod_CIFAR-10_0453.pt,0.7682,1.3692636609077453
clean_models/trainval/clean_vggmod_CIFAR-10_0454.pt,0.7623,1.4259553790092467
clean_models/trainval/clean_vggmod_CIFAR-10_0455.pt,0.7676,1.3655347526073456
clean_models/trainval/clean_vggmod_CIFAR-10_0456.pt,0.7601,1.2878275752067565
clean_models/trainval/clean_vggmod_CIFAR-10_0457.pt,0.7654,1.2471872299909592
clean_models/trainval/clean_vggmod_CIFAR-10_0458.pt,0.7767,1.313743382692337
clean_models/trainval/clean_vggmod_CIFAR-10_0459.pt,0.7571,1.1096537679433822
clean_models/trainval/clean_vggmod_CIFAR-10_0460.pt,0.7727,1.3025083005428315
clean_models/trainval/clean_vggmod_CIFAR-10_0461.pt,0.7704,1.41359201669693
clean_models/trainval/clean_vggmod_CIFAR-10_0462.pt,0.7544,1.3932007491588592
clean_models/trainval/clean_vggmod_CIFAR-10_0463.pt,0.7504,1.3090057492256164
clean_models/trainval/clean_vggmod_CIFAR-10_0464.pt,0.7732,1.281136429309845
clean_models/trainval/clean_vggmod_CIFAR-10_0465.pt,0.7585,1.3845115959644319
clean_models/trainval/clean_vggmod_CIFAR-10_0466.pt,0.7576,1.2993291914463043
clean_models/trainval/clean_vggmod_CIFAR-10_0467.pt,0.767,1.3326748311519623
clean_models/trainval/clean_vggmod_CIFAR-10_0468.pt,0.771,1.4261192500591278
clean_models/trainval/clean_vggmod_CIFAR-10_0469.pt,0.7684,1.2914790868759156
clean_models/trainval/clean_vggmod_CIFAR-10_0470.pt,0.7595,1.2897006630897523
clean_models/trainval/clean_vggmod_CIFAR-10_0471.pt,0.7587,1.2423835068941116
clean_models/trainval/clean_vggmod_CIFAR-10_0472.pt,0.7768,1.176327008008957
clean_models/trainval/clean_vggmod_CIFAR-10_0473.pt,0.7716,1.293861535191536
clean_models/trainval/clean_vggmod_CIFAR-10_0474.pt,0.7732,1.404910933971405
clean_models/trainval/clean_vggmod_CIFAR-10_0475.pt,0.7674,1.3163525938987732
clean_models/trainval/clean_vggmod_CIFAR-10_0476.pt,0.7714,1.3786012172698974
clean_models/trainval/clean_vggmod_CIFAR-10_0477.pt,0.7653,1.3511627316474915
clean_models/trainval/clean_vggmod_CIFAR-10_0478.pt,0.7559,1.087743330001831
clean_models/trainval/clean_vggmod_CIFAR-10_0479.pt,0.7661,1.0696007400751113
clean_models/trainval/clean_vggmod_CIFAR-10_0480.pt,0.7679,1.4478650033473968
clean_models/trainval/clean_vggmod_CIFAR-10_0481.pt,0.7738,1.3337575018405914
clean_models/trainval/clean_vggmod_CIFAR-10_0482.pt,0.7682,1.4363602995872498
clean_models/trainval/clean_vggmod_CIFAR-10_0483.pt,0.7696,1.0617917776107788
clean_models/trainval/clean_vggmod_CIFAR-10_0484.pt,0.7617,1.3444724321365356
clean_models/trainval/clean_vggmod_CIFAR-10_0485.pt,0.7558,1.1848000645637513
clean_models/trainval/clean_vggmod_CIFAR-10_0486.pt,0.7689,1.380146425962448
clean_models/trainval/clean_vggmod_CIFAR-10_0487.pt,0.7779,1.0448673039674758
clean_models/trainval/clean_vggmod_CIFAR-10_0488.pt,0.7742,1.4010089755058288
clean_models/trainval/clean_vggmod_CIFAR-10_0489.pt,0.7637,1.3680159747600555
clean_models/trainval/clean_vggmod_CIFAR-10_0490.pt,0.7567,1.4504968702793122
clean_models/trainval/clean_vggmod_CIFAR-10_0491.pt,0.7641,1.4327048003673553
clean_models/trainval/clean_vggmod_CIFAR-10_0492.pt,0.7701,1.3217228531837464
clean_models/trainval/clean_vggmod_CIFAR-10_0493.pt,0.759,1.3758255600929261
clean_models/trainval/clean_vggmod_CIFAR-10_0494.pt,0.7555,1.0187658607959746
clean_models/trainval/clean_vggmod_CIFAR-10_0495.pt,0.7672,1.2080830693244935
clean_models/trainval/clean_vggmod_CIFAR-10_0496.pt,0.7571,1.2210068643093108
clean_models/trainval/clean_vggmod_CIFAR-10_0497.pt,0.7636,1.4125234186649323
clean_models/trainval/clean_vggmod_CIFAR-10_0498.pt,0.764,1.5278468668460845
clean_models/trainval/clean_vggmod_CIFAR-10_0499.pt,0.7748,1.350987583398819
