poisoned_models/test/poisoned_vggmod_CIFAR-10_0000.pt,0.9940044966275293
poisoned_models/test/poisoned_vggmod_CIFAR-10_0001.pt,0.9535172756649267
poisoned_models/test/poisoned_vggmod_CIFAR-10_0002.pt,0.9557232704402516
poisoned_models/test/poisoned_vggmod_CIFAR-10_0003.pt,0.9677741693729702
poisoned_models/test/poisoned_vggmod_CIFAR-10_0004.pt,0.9927914491672881
poisoned_models/test/poisoned_vggmod_CIFAR-10_0005.pt,0.8083291520321124
poisoned_models/test/poisoned_vggmod_CIFAR-10_0006.pt,0.9779834876157117
poisoned_models/test/poisoned_vggmod_CIFAR-10_0007.pt,0.9881422924901185
poisoned_models/test/poisoned_vggmod_CIFAR-10_0008.pt,0.9422885572139303
poisoned_models/test/poisoned_vggmod_CIFAR-10_0009.pt,0.9919719016557953
poisoned_models/test/poisoned_vggmod_CIFAR-10_0010.pt,0.7875494071146245
poisoned_models/test/poisoned_vggmod_CIFAR-10_0011.pt,0.9942182001005531
poisoned_models/test/poisoned_vggmod_CIFAR-10_0012.pt,0.9970171513795675
poisoned_models/test/poisoned_vggmod_CIFAR-10_0013.pt,0.9542138364779874
poisoned_models/test/poisoned_vggmod_CIFAR-10_0014.pt,0.9268774703557312
poisoned_models/test/poisoned_vggmod_CIFAR-10_0015.pt,0.9759036144578314
poisoned_models/test/poisoned_vggmod_CIFAR-10_0016.pt,0.9997529644268774
poisoned_models/test/poisoned_vggmod_CIFAR-10_0017.pt,0.9678230266465561
poisoned_models/test/poisoned_vggmod_CIFAR-10_0018.pt,0.9598595082789764
poisoned_models/test/poisoned_vggmod_CIFAR-10_0019.pt,0.8411633109619687
poisoned_models/test/poisoned_vggmod_CIFAR-10_0020.pt,0.9771069182389938
poisoned_models/test/poisoned_vggmod_CIFAR-10_0021.pt,0.9422885572139303
poisoned_models/test/poisoned_vggmod_CIFAR-10_0022.pt,0.9668840943301555
poisoned_models/test/poisoned_vggmod_CIFAR-10_0023.pt,1.0
poisoned_models/test/poisoned_vggmod_CIFAR-10_0024.pt,0.9939622641509434
poisoned_models/test/poisoned_vggmod_CIFAR-10_0025.pt,0.7844025157232705
poisoned_models/test/poisoned_vggmod_CIFAR-10_0026.pt,0.9914658634538153
poisoned_models/test/poisoned_vggmod_CIFAR-10_0027.pt,0.8868348738446166
poisoned_models/test/poisoned_vggmod_CIFAR-10_0028.pt,0.9874906179634726
poisoned_models/test/poisoned_vggmod_CIFAR-10_0029.pt,0.9592391304347826
poisoned_models/test/poisoned_vggmod_CIFAR-10_0030.pt,0.9724793595196397
poisoned_models/test/poisoned_vggmod_CIFAR-10_0031.pt,0.7495024875621891
poisoned_models/test/poisoned_vggmod_CIFAR-10_0032.pt,0.9979984988741556
poisoned_models/test/poisoned_vggmod_CIFAR-10_0033.pt,0.9925056207844117
poisoned_models/test/poisoned_vggmod_CIFAR-10_0034.pt,0.9353233830845771
poisoned_models/test/poisoned_vggmod_CIFAR-10_0035.pt,0.9752964426877471
poisoned_models/test/poisoned_vggmod_CIFAR-10_0036.pt,0.9822366775081312
poisoned_models/test/poisoned_vggmod_CIFAR-10_0037.pt,0.9197116579666915
poisoned_models/test/poisoned_vggmod_CIFAR-10_0038.pt,0.9874213836477987
poisoned_models/test/poisoned_vggmod_CIFAR-10_0039.pt,0.9847385539154366
poisoned_models/test/poisoned_vggmod_CIFAR-10_0040.pt,0.9720965309200603
poisoned_models/test/poisoned_vggmod_CIFAR-10_0041.pt,0.9670440251572328
poisoned_models/test/poisoned_vggmod_CIFAR-10_0042.pt,0.9587190392794596
poisoned_models/test/poisoned_vggmod_CIFAR-10_0043.pt,0.5676877470355731
poisoned_models/test/poisoned_vggmod_CIFAR-10_0044.pt,0.9987562189054726
poisoned_models/test/poisoned_vggmod_CIFAR-10_0045.pt,0.9853343276162068
poisoned_models/test/poisoned_vggmod_CIFAR-10_0046.pt,0.9664031620553359
poisoned_models/test/poisoned_vggmod_CIFAR-10_0047.pt,0.9678876066231812
poisoned_models/test/poisoned_vggmod_CIFAR-10_0048.pt,0.9631209232313096
poisoned_models/test/poisoned_vggmod_CIFAR-10_0049.pt,0.9907960199004975
poisoned_models/test/poisoned_vggmod_CIFAR-10_0050.pt,1.0
poisoned_models/test/poisoned_vggmod_CIFAR-10_0051.pt,0.8581132075471698
poisoned_models/test/poisoned_vggmod_CIFAR-10_0052.pt,0.9967685806611981
poisoned_models/test/poisoned_vggmod_CIFAR-10_0053.pt,0.8033525143857894
poisoned_models/test/poisoned_vggmod_CIFAR-10_0054.pt,0.9811463046757164
poisoned_models/test/poisoned_vggmod_CIFAR-10_0055.pt,0.9604743083003953
poisoned_models/test/poisoned_vggmod_CIFAR-10_0056.pt,0.9947460595446584
poisoned_models/test/poisoned_vggmod_CIFAR-10_0057.pt,0.9545910687405921
poisoned_models/test/poisoned_vggmod_CIFAR-10_0058.pt,0.9992469879518072
poisoned_models/test/poisoned_vggmod_CIFAR-10_0059.pt,0.9929754139488208
poisoned_models/test/poisoned_vggmod_CIFAR-10_0060.pt,0.9866967871485943
poisoned_models/test/poisoned_vggmod_CIFAR-10_0061.pt,0.9778783308195073
poisoned_models/test/poisoned_vggmod_CIFAR-10_0062.pt,0.9640522875816994
poisoned_models/test/poisoned_vggmod_CIFAR-10_0063.pt,0.9796686746987951
poisoned_models/test/poisoned_vggmod_CIFAR-10_0064.pt,0.9118975903614458
poisoned_models/test/poisoned_vggmod_CIFAR-10_0065.pt,0.9725790513833992
poisoned_models/test/poisoned_vggmod_CIFAR-10_0066.pt,0.9572327044025157
poisoned_models/test/poisoned_vggmod_CIFAR-10_0067.pt,0.9683893627696939
poisoned_models/test/poisoned_vggmod_CIFAR-10_0068.pt,0.9599801143425305
poisoned_models/test/poisoned_vggmod_CIFAR-10_0069.pt,0.5666163901458019
poisoned_models/test/poisoned_vggmod_CIFAR-10_0070.pt,0.9895522388059701
poisoned_models/test/poisoned_vggmod_CIFAR-10_0071.pt,0.9808457711442786
poisoned_models/test/poisoned_vggmod_CIFAR-10_0072.pt,0.8978413654618473
poisoned_models/test/poisoned_vggmod_CIFAR-10_0073.pt,0.9907960199004975
poisoned_models/test/poisoned_vggmod_CIFAR-10_0074.pt,0.9853233830845771
poisoned_models/test/poisoned_vggmod_CIFAR-10_0075.pt,0.9796686746987951
poisoned_models/test/poisoned_vggmod_CIFAR-10_0076.pt,0.6430367018602313
poisoned_models/test/poisoned_vggmod_CIFAR-10_0077.pt,0.9771700953336678
poisoned_models/test/poisoned_vggmod_CIFAR-10_0078.pt,0.9564779874213837
poisoned_models/test/poisoned_vggmod_CIFAR-10_0079.pt,0.9979984988741556
poisoned_models/test/poisoned_vggmod_CIFAR-10_0080.pt,0.9681224899598394
poisoned_models/test/poisoned_vggmod_CIFAR-10_0081.pt,0.9770172370721959
poisoned_models/test/poisoned_vggmod_CIFAR-10_0082.pt,0.9792490118577075
poisoned_models/test/poisoned_vggmod_CIFAR-10_0083.pt,0.970566037735849
poisoned_models/test/poisoned_vggmod_CIFAR-10_0084.pt,0.8216256899147014
poisoned_models/test/poisoned_vggmod_CIFAR-10_0085.pt,0.9625157232704402
poisoned_models/test/poisoned_vggmod_CIFAR-10_0086.pt,0.8451305220883534
poisoned_models/test/poisoned_vggmod_CIFAR-10_0087.pt,0.5875593305021234
poisoned_models/test/poisoned_vggmod_CIFAR-10_0088.pt,0.898394380331159
poisoned_models/test/poisoned_vggmod_CIFAR-10_0089.pt,0.9164576016056196
poisoned_models/test/poisoned_vggmod_CIFAR-10_0090.pt,0.5364156102411136
poisoned_models/test/poisoned_vggmod_CIFAR-10_0091.pt,0.9582389937106919
poisoned_models/test/poisoned_vggmod_CIFAR-10_0092.pt,0.9399703557312253
poisoned_models/test/poisoned_vggmod_CIFAR-10_0093.pt,0.9774096385542169
poisoned_models/test/poisoned_vggmod_CIFAR-10_0094.pt,0.983987990993245
poisoned_models/test/poisoned_vggmod_CIFAR-10_0095.pt,0.9720965309200603
poisoned_models/test/poisoned_vggmod_CIFAR-10_0096.pt,0.9538152610441767
poisoned_models/test/poisoned_vggmod_CIFAR-10_0097.pt,0.868038133467135
poisoned_models/test/poisoned_vggmod_CIFAR-10_0098.pt,0.9517137853390043
poisoned_models/test/poisoned_vggmod_CIFAR-10_0099.pt,0.9891823899371069
poisoned_models/trainval/poisoned_vggmod_CIFAR-10_0000.pt,0.8818386210342243
poisoned_models/trainval/poisoned_vggmod_CIFAR-10_0001.pt,0.9766343524732787
poisoned_models/trainval/poisoned_vggmod_CIFAR-10_0002.pt,0.999748427672956
poisoned_models/trainval/poisoned_vggmod_CIFAR-10_0003.pt,0.9870097426929803
poisoned_models/trainval/poisoned_vggmod_CIFAR-10_0004.pt,0.4511558538404176
poisoned_models/trainval/poisoned_vggmod_CIFAR-10_0005.pt,0.9706472654290015
poisoned_models/trainval/poisoned_vggmod_CIFAR-10_0006.pt,0.9834876157117839
poisoned_models/trainval/poisoned_vggmod_CIFAR-10_0007.pt,0.9792490118577075
poisoned_models/trainval/poisoned_vggmod_CIFAR-10_0008.pt,0.9761194029850746
poisoned_models/trainval/poisoned_vggmod_CIFAR-10_0009.pt,0.9942298043151029
poisoned_models/trainval/poisoned_vggmod_CIFAR-10_0010.pt,0.9883893280632411
poisoned_models/trainval/poisoned_vggmod_CIFAR-10_0011.pt,0.9927099044746104
poisoned_models/trainval/poisoned_vggmod_CIFAR-10_0012.pt,0.9853343276162068
poisoned_models/trainval/poisoned_vggmod_CIFAR-10_0013.pt,0.5355974842767296
poisoned_models/trainval/poisoned_vggmod_CIFAR-10_0014.pt,0.9728260869565217
poisoned_models/trainval/poisoned_vggmod_CIFAR-10_0015.pt,0.8822791164658634
poisoned_models/trainval/poisoned_vggmod_CIFAR-10_0016.pt,1.0
poisoned_models/trainval/poisoned_vggmod_CIFAR-10_0017.pt,0.8049270990447461
poisoned_models/trainval/poisoned_vggmod_CIFAR-10_0018.pt,0.9872052182639237
poisoned_models/trainval/poisoned_vggmod_CIFAR-10_0019.pt,0.9781257767834949
poisoned_models/trainval/poisoned_vggmod_CIFAR-10_0020.pt,0.9662893081761006
poisoned_models/trainval/poisoned_vggmod_CIFAR-10_0021.pt,0.8634328358208955
poisoned_models/trainval/poisoned_vggmod_CIFAR-10_0022.pt,0.9703963873557451
poisoned_models/trainval/poisoned_vggmod_CIFAR-10_0023.pt,1.0
poisoned_models/trainval/poisoned_vggmod_CIFAR-10_0024.pt,0.9889308176100629
poisoned_models/trainval/poisoned_vggmod_CIFAR-10_0025.pt,0.9602515723270441
poisoned_models/trainval/poisoned_vggmod_CIFAR-10_0026.pt,0.9673694779116466
poisoned_models/trainval/poisoned_vggmod_CIFAR-10_0027.pt,0.9030726954783912
poisoned_models/trainval/poisoned_vggmod_CIFAR-10_0028.pt,0.7710783087315487
poisoned_models/trainval/poisoned_vggmod_CIFAR-10_0029.pt,0.9644268774703557
poisoned_models/trainval/poisoned_vggmod_CIFAR-10_0030.pt,0.994495871903928
poisoned_models/trainval/poisoned_vggmod_CIFAR-10_0031.pt,0.9920398009950249
poisoned_models/trainval/poisoned_vggmod_CIFAR-10_0032.pt,0.702276707530648
poisoned_models/trainval/poisoned_vggmod_CIFAR-10_0033.pt,0.9337996502623033
poisoned_models/trainval/poisoned_vggmod_CIFAR-10_0034.pt,0.9624378109452736
poisoned_models/trainval/poisoned_vggmod_CIFAR-10_0035.pt,0.9836956521739131
poisoned_models/trainval/poisoned_vggmod_CIFAR-10_0036.pt,0.9907430572929697
poisoned_models/trainval/poisoned_vggmod_CIFAR-10_0037.pt,0.9910514541387024
poisoned_models/trainval/poisoned_vggmod_CIFAR-10_0038.pt,0.9018867924528302
poisoned_models/trainval/poisoned_vggmod_CIFAR-10_0039.pt,0.9929947460595446
poisoned_models/trainval/poisoned_vggmod_CIFAR-10_0040.pt,0.9836601307189542
poisoned_models/trainval/poisoned_vggmod_CIFAR-10_0041.pt,0.8603773584905661
poisoned_models/trainval/poisoned_vggmod_CIFAR-10_0042.pt,0.9819864898674006
poisoned_models/trainval/poisoned_vggmod_CIFAR-10_0043.pt,0.9841897233201581
poisoned_models/trainval/poisoned_vggmod_CIFAR-10_0044.pt,0.9885572139303482
poisoned_models/trainval/poisoned_vggmod_CIFAR-10_0045.pt,0.9947800149142431
poisoned_models/trainval/poisoned_vggmod_CIFAR-10_0046.pt,0.9740612648221344
poisoned_models/trainval/poisoned_vggmod_CIFAR-10_0047.pt,0.9882087305569494
poisoned_models/trainval/poisoned_vggmod_CIFAR-10_0048.pt,0.9942298043151029
poisoned_models/trainval/poisoned_vggmod_CIFAR-10_0049.pt,0.9798507462686568
poisoned_models/trainval/poisoned_vggmod_CIFAR-10_0050.pt,0.8870846864851362
poisoned_models/trainval/poisoned_vggmod_CIFAR-10_0051.pt,0.9451572327044026
poisoned_models/trainval/poisoned_vggmod_CIFAR-10_0052.pt,0.9830971911508825
poisoned_models/trainval/poisoned_vggmod_CIFAR-10_0053.pt,0.9379534650988242
poisoned_models/trainval/poisoned_vggmod_CIFAR-10_0054.pt,0.9912016088486677
poisoned_models/trainval/poisoned_vggmod_CIFAR-10_0055.pt,0.987401185770751
poisoned_models/trainval/poisoned_vggmod_CIFAR-10_0056.pt,0.9952464348261196
poisoned_models/trainval/poisoned_vggmod_CIFAR-10_0057.pt,0.9726542900150527
poisoned_models/trainval/poisoned_vggmod_CIFAR-10_0058.pt,0.998995983935743
poisoned_models/trainval/poisoned_vggmod_CIFAR-10_0059.pt,0.997491219267436
poisoned_models/trainval/poisoned_vggmod_CIFAR-10_0060.pt,0.992218875502008
poisoned_models/trainval/poisoned_vggmod_CIFAR-10_0061.pt,0.9914529914529915
poisoned_models/trainval/poisoned_vggmod_CIFAR-10_0062.pt,0.9766214177978884
poisoned_models/trainval/poisoned_vggmod_CIFAR-10_0063.pt,0.991214859437751
poisoned_models/trainval/poisoned_vggmod_CIFAR-10_0064.pt,0.8373493975903614
poisoned_models/trainval/poisoned_vggmod_CIFAR-10_0065.pt,0.9664031620553359
poisoned_models/trainval/poisoned_vggmod_CIFAR-10_0066.pt,0.9542138364779874
poisoned_models/trainval/poisoned_vggmod_CIFAR-10_0067.pt,0.9455594581033617
poisoned_models/trainval/poisoned_vggmod_CIFAR-10_0068.pt,0.9917971662938105
poisoned_models/trainval/poisoned_vggmod_CIFAR-10_0069.pt,0.9371543489190548
poisoned_models/trainval/poisoned_vggmod_CIFAR-10_0070.pt,0.9587064676616915
poisoned_models/trainval/poisoned_vggmod_CIFAR-10_0071.pt,0.9972636815920398
poisoned_models/trainval/poisoned_vggmod_CIFAR-10_0072.pt,0.981425702811245
poisoned_models/trainval/poisoned_vggmod_CIFAR-10_0073.pt,0.9529850746268657
poisoned_models/trainval/poisoned_vggmod_CIFAR-10_0074.pt,0.9893034825870647
poisoned_models/trainval/poisoned_vggmod_CIFAR-10_0075.pt,0.9369979919678715
poisoned_models/trainval/poisoned_vggmod_CIFAR-10_0076.pt,0.985168426344897
poisoned_models/trainval/poisoned_vggmod_CIFAR-10_0077.pt,0.9769192172604114
poisoned_models/trainval/poisoned_vggmod_CIFAR-10_0078.pt,0.9622641509433962
poisoned_models/trainval/poisoned_vggmod_CIFAR-10_0079.pt,0.8864148111083312
poisoned_models/trainval/poisoned_vggmod_CIFAR-10_0080.pt,0.9294678714859438
poisoned_models/trainval/poisoned_vggmod_CIFAR-10_0081.pt,0.9952535598301274
poisoned_models/trainval/poisoned_vggmod_CIFAR-10_0082.pt,0.9409584980237155
poisoned_models/trainval/poisoned_vggmod_CIFAR-10_0083.pt,0.990691823899371
poisoned_models/trainval/poisoned_vggmod_CIFAR-10_0084.pt,0.9666332162568991
poisoned_models/trainval/poisoned_vggmod_CIFAR-10_0085.pt,0.9348427672955975
poisoned_models/trainval/poisoned_vggmod_CIFAR-10_0086.pt,0.9668674698795181
poisoned_models/trainval/poisoned_vggmod_CIFAR-10_0087.pt,0.9033225081189108
poisoned_models/trainval/poisoned_vggmod_CIFAR-10_0088.pt,0.9686402408429503
poisoned_models/trainval/poisoned_vggmod_CIFAR-10_0089.pt,0.8795785248369292
poisoned_models/trainval/poisoned_vggmod_CIFAR-10_0090.pt,0.927914491672881
poisoned_models/trainval/poisoned_vggmod_CIFAR-10_0091.pt,0.9237735849056604
poisoned_models/trainval/poisoned_vggmod_CIFAR-10_0092.pt,0.9508399209486166
poisoned_models/trainval/poisoned_vggmod_CIFAR-10_0093.pt,0.9877008032128514
poisoned_models/trainval/poisoned_vggmod_CIFAR-10_0094.pt,0.7358018513885414
poisoned_models/trainval/poisoned_vggmod_CIFAR-10_0095.pt,0.9899446958270488
poisoned_models/trainval/poisoned_vggmod_CIFAR-10_0096.pt,0.9701305220883534
poisoned_models/trainval/poisoned_vggmod_CIFAR-10_0097.pt,0.9892122428499749
poisoned_models/trainval/poisoned_vggmod_CIFAR-10_0098.pt,0.9574681010758068
poisoned_models/trainval/poisoned_vggmod_CIFAR-10_0099.pt,0.9657861635220126
poisoned_models/trainval/poisoned_vggmod_CIFAR-10_0100.pt,0.766432513798294
poisoned_models/trainval/poisoned_vggmod_CIFAR-10_0101.pt,0.9846837944664032
poisoned_models/trainval/poisoned_vggmod_CIFAR-10_0102.pt,0.9719115088242605
poisoned_models/trainval/poisoned_vggmod_CIFAR-10_0103.pt,1.0
poisoned_models/trainval/poisoned_vggmod_CIFAR-10_0104.pt,0.9520582329317269
poisoned_models/trainval/poisoned_vggmod_CIFAR-10_0105.pt,0.9880597014925373
poisoned_models/trainval/poisoned_vggmod_CIFAR-10_0106.pt,0.9730817610062893
poisoned_models/trainval/poisoned_vggmod_CIFAR-10_0107.pt,0.9904928696522391
poisoned_models/trainval/poisoned_vggmod_CIFAR-10_0108.pt,0.9930400198856575
poisoned_models/trainval/poisoned_vggmod_CIFAR-10_0109.pt,0.9763700351935646
poisoned_models/trainval/poisoned_vggmod_CIFAR-10_0110.pt,0.9864525840441546
poisoned_models/trainval/poisoned_vggmod_CIFAR-10_0111.pt,0.8478747203579419
poisoned_models/trainval/poisoned_vggmod_CIFAR-10_0112.pt,0.9567175381536153
poisoned_models/trainval/poisoned_vggmod_CIFAR-10_0113.pt,1.0
poisoned_models/trainval/poisoned_vggmod_CIFAR-10_0114.pt,0.955783162628029
poisoned_models/trainval/poisoned_vggmod_CIFAR-10_0115.pt,0.7865899424568427
poisoned_models/trainval/poisoned_vggmod_CIFAR-10_0116.pt,0.9274455841881412
poisoned_models/trainval/poisoned_vggmod_CIFAR-10_0117.pt,0.9653614457831325
poisoned_models/trainval/poisoned_vggmod_CIFAR-10_0118.pt,0.5936244979919679
poisoned_models/trainval/poisoned_vggmod_CIFAR-10_0119.pt,0.9802371541501976
poisoned_models/trainval/poisoned_vggmod_CIFAR-10_0120.pt,0.9914701455092825
poisoned_models/trainval/poisoned_vggmod_CIFAR-10_0121.pt,0.981094527363184
poisoned_models/trainval/poisoned_vggmod_CIFAR-10_0122.pt,0.9887104867034621
poisoned_models/trainval/poisoned_vggmod_CIFAR-10_0123.pt,0.9965026230327254
poisoned_models/trainval/poisoned_vggmod_CIFAR-10_0124.pt,0.7516862353235074
poisoned_models/trainval/poisoned_vggmod_CIFAR-10_0125.pt,0.9853343276162068
poisoned_models/trainval/poisoned_vggmod_CIFAR-10_0126.pt,0.9817193675889329
poisoned_models/trainval/poisoned_vggmod_CIFAR-10_0127.pt,0.9884596086302058
poisoned_models/trainval/poisoned_vggmod_CIFAR-10_0128.pt,0.9508278976417461
poisoned_models/trainval/poisoned_vggmod_CIFAR-10_0129.pt,0.8081950729009553
poisoned_models/trainval/poisoned_vggmod_CIFAR-10_0130.pt,0.9771314939100174
poisoned_models/trainval/poisoned_vggmod_CIFAR-10_0131.pt,0.9934771700953337
poisoned_models/trainval/poisoned_vggmod_CIFAR-10_0132.pt,0.9787659255558331
poisoned_models/trainval/poisoned_vggmod_CIFAR-10_0133.pt,0.9261194029850747
poisoned_models/trainval/poisoned_vggmod_CIFAR-10_0134.pt,0.9162264150943397
poisoned_models/trainval/poisoned_vggmod_CIFAR-10_0135.pt,0.525478498632861
poisoned_models/trainval/poisoned_vggmod_CIFAR-10_0136.pt,0.9884913685263947
poisoned_models/trainval/poisoned_vggmod_CIFAR-10_0137.pt,0.9683734939759037
poisoned_models/trainval/poisoned_vggmod_CIFAR-10_0138.pt,0.8818407960199005
poisoned_models/trainval/poisoned_vggmod_CIFAR-10_0139.pt,0.9315711462450593
poisoned_models/trainval/poisoned_vggmod_CIFAR-10_0140.pt,0.9651679841897233
poisoned_models/trainval/poisoned_vggmod_CIFAR-10_0141.pt,0.996268656716418
poisoned_models/trainval/poisoned_vggmod_CIFAR-10_0142.pt,1.0
poisoned_models/trainval/poisoned_vggmod_CIFAR-10_0143.pt,0.9228078940794404
poisoned_models/trainval/poisoned_vggmod_CIFAR-10_0144.pt,0.644733550162622
poisoned_models/trainval/poisoned_vggmod_CIFAR-10_0145.pt,0.9812640519610293
poisoned_models/trainval/poisoned_vggmod_CIFAR-10_0146.pt,0.971728796597448
poisoned_models/trainval/poisoned_vggmod_CIFAR-10_0147.pt,0.9878109452736319
poisoned_models/trainval/poisoned_vggmod_CIFAR-10_0148.pt,0.9520750988142292
poisoned_models/trainval/poisoned_vggmod_CIFAR-10_0149.pt,0.8574660633484162
poisoned_models/trainval/poisoned_vggmod_CIFAR-10_0150.pt,0.9814350225790266
poisoned_models/trainval/poisoned_vggmod_CIFAR-10_0151.pt,0.9987456096337181
poisoned_models/trainval/poisoned_vggmod_CIFAR-10_0152.pt,0.9927245358755645
poisoned_models/trainval/poisoned_vggmod_CIFAR-10_0153.pt,0.9710217336997252
poisoned_models/trainval/poisoned_vggmod_CIFAR-10_0154.pt,0.9898086005468556
poisoned_models/trainval/poisoned_vggmod_CIFAR-10_0155.pt,0.9466403162055336
poisoned_models/trainval/poisoned_vggmod_CIFAR-10_0156.pt,0.5524528301886793
poisoned_models/trainval/poisoned_vggmod_CIFAR-10_0157.pt,0.9764174611138986
poisoned_models/trainval/poisoned_vggmod_CIFAR-10_0158.pt,0.7866465863453815
poisoned_models/trainval/poisoned_vggmod_CIFAR-10_0159.pt,0.9136979427997993
poisoned_models/trainval/poisoned_vggmod_CIFAR-10_0160.pt,0.900377358490566
poisoned_models/trainval/poisoned_vggmod_CIFAR-10_0161.pt,0.9952237305178482
poisoned_models/trainval/poisoned_vggmod_CIFAR-10_0162.pt,0.769922558081439
poisoned_models/trainval/poisoned_vggmod_CIFAR-10_0163.pt,0.9214357429718876
poisoned_models/trainval/poisoned_vggmod_CIFAR-10_0164.pt,0.9522857856607544
poisoned_models/trainval/poisoned_vggmod_CIFAR-10_0165.pt,0.9864253393665159
poisoned_models/trainval/poisoned_vggmod_CIFAR-10_0166.pt,0.9782663002747939
poisoned_models/trainval/poisoned_vggmod_CIFAR-10_0167.pt,0.9707280460345259
poisoned_models/trainval/poisoned_vggmod_CIFAR-10_0168.pt,0.8662689535172756
poisoned_models/trainval/poisoned_vggmod_CIFAR-10_0169.pt,0.9680503144654088
poisoned_models/trainval/poisoned_vggmod_CIFAR-10_0170.pt,0.9899648770697441
poisoned_models/trainval/poisoned_vggmod_CIFAR-10_0171.pt,0.9152201257861635
poisoned_models/trainval/poisoned_vggmod_CIFAR-10_0172.pt,0.9864898674005504
poisoned_models/trainval/poisoned_vggmod_CIFAR-10_0173.pt,0.9880089932550588
poisoned_models/trainval/poisoned_vggmod_CIFAR-10_0174.pt,0.9824385348720521
poisoned_models/trainval/poisoned_vggmod_CIFAR-10_0175.pt,0.958498023715415
poisoned_models/trainval/poisoned_vggmod_CIFAR-10_0176.pt,0.9738562091503268
poisoned_models/trainval/poisoned_vggmod_CIFAR-10_0177.pt,0.9989937106918239
poisoned_models/trainval/poisoned_vggmod_CIFAR-10_0178.pt,0.8602609131961867
poisoned_models/trainval/poisoned_vggmod_CIFAR-10_0179.pt,0.9689054726368159
poisoned_models/trainval/poisoned_vggmod_CIFAR-10_0180.pt,1.0
poisoned_models/trainval/poisoned_vggmod_CIFAR-10_0181.pt,0.9967385850476669
poisoned_models/trainval/poisoned_vggmod_CIFAR-10_0182.pt,0.9805970149253731
poisoned_models/trainval/poisoned_vggmod_CIFAR-10_0183.pt,1.0
poisoned_models/trainval/poisoned_vggmod_CIFAR-10_0184.pt,0.9872052182639237
poisoned_models/trainval/poisoned_vggmod_CIFAR-10_0185.pt,0.9809332664325138
poisoned_models/trainval/poisoned_vggmod_CIFAR-10_0186.pt,0.9656620553359684
poisoned_models/trainval/poisoned_vggmod_CIFAR-10_0187.pt,0.9809332664325138
poisoned_models/trainval/poisoned_vggmod_CIFAR-10_0188.pt,0.8790906819885086
poisoned_models/trainval/poisoned_vggmod_CIFAR-10_0189.pt,0.6724528301886793
poisoned_models/trainval/poisoned_vggmod_CIFAR-10_0190.pt,0.9629446640316206
poisoned_models/trainval/poisoned_vggmod_CIFAR-10_0191.pt,0.9753914988814317
poisoned_models/trainval/poisoned_vggmod_CIFAR-10_0192.pt,0.8915813140144891
poisoned_models/trainval/poisoned_vggmod_CIFAR-10_0193.pt,0.9295948616600791
poisoned_models/trainval/poisoned_vggmod_CIFAR-10_0194.pt,0.9816767068273092
poisoned_models/trainval/poisoned_vggmod_CIFAR-10_0195.pt,0.9957329317269076
poisoned_models/trainval/poisoned_vggmod_CIFAR-10_0196.pt,0.9839426877470355
poisoned_models/trainval/poisoned_vggmod_CIFAR-10_0197.pt,0.9844025157232704
poisoned_models/trainval/poisoned_vggmod_CIFAR-10_0198.pt,0.9577569169960475
poisoned_models/trainval/poisoned_vggmod_CIFAR-10_0199.pt,0.8569664031620553
poisoned_models/trainval/poisoned_vggmod_CIFAR-10_0200.pt,0.9992537313432835
poisoned_models/trainval/poisoned_vggmod_CIFAR-10_0201.pt,0.9567295597484277
poisoned_models/trainval/poisoned_vggmod_CIFAR-10_0202.pt,0.9713855421686747
poisoned_models/trainval/poisoned_vggmod_CIFAR-10_0203.pt,0.9703815261044176
poisoned_models/trainval/poisoned_vggmod_CIFAR-10_0204.pt,0.9852389291968977
poisoned_models/trainval/poisoned_vggmod_CIFAR-10_0205.pt,0.9461635220125786
poisoned_models/trainval/poisoned_vggmod_CIFAR-10_0206.pt,0.9822366775081312
poisoned_models/trainval/poisoned_vggmod_CIFAR-10_0207.pt,0.985449071751129
poisoned_models/trainval/poisoned_vggmod_CIFAR-10_0208.pt,0.9823383084577114
poisoned_models/trainval/poisoned_vggmod_CIFAR-10_0209.pt,0.9930348258706467
poisoned_models/trainval/poisoned_vggmod_CIFAR-10_0210.pt,0.9927914491672881
poisoned_models/trainval/poisoned_vggmod_CIFAR-10_0211.pt,1.0
poisoned_models/trainval/poisoned_vggmod_CIFAR-10_0212.pt,0.9440419685236073
poisoned_models/trainval/poisoned_vggmod_CIFAR-10_0213.pt,0.9962528103922058
poisoned_models/trainval/poisoned_vggmod_CIFAR-10_0214.pt,0.9927445584188141
poisoned_models/trainval/poisoned_vggmod_CIFAR-10_0215.pt,0.9449056603773585
poisoned_models/trainval/poisoned_vggmod_CIFAR-10_0216.pt,0.9959839357429718
poisoned_models/trainval/poisoned_vggmod_CIFAR-10_0217.pt,0.8357232704402515
poisoned_models/trainval/poisoned_vggmod_CIFAR-10_0218.pt,0.9879336349924586
poisoned_models/trainval/poisoned_vggmod_CIFAR-10_0219.pt,0.9904618473895582
poisoned_models/trainval/poisoned_vggmod_CIFAR-10_0220.pt,0.7564006959980114
poisoned_models/trainval/poisoned_vggmod_CIFAR-10_0221.pt,0.8965945811583396
poisoned_models/trainval/poisoned_vggmod_CIFAR-10_0222.pt,0.979177119919719
poisoned_models/trainval/poisoned_vggmod_CIFAR-10_0223.pt,0.9568489713998997
poisoned_models/trainval/poisoned_vggmod_CIFAR-10_0224.pt,0.9179874213836478
poisoned_models/trainval/poisoned_vggmod_CIFAR-10_0225.pt,0.9754816112084063
poisoned_models/trainval/poisoned_vggmod_CIFAR-10_0226.pt,0.9804216867469879
poisoned_models/trainval/poisoned_vggmod_CIFAR-10_0227.pt,0.9906988436400201
poisoned_models/trainval/poisoned_vggmod_CIFAR-10_0228.pt,0.950212659494621
poisoned_models/trainval/poisoned_vggmod_CIFAR-10_0229.pt,0.9776286353467561
poisoned_models/trainval/poisoned_vggmod_CIFAR-10_0230.pt,0.99602286850609
poisoned_models/trainval/poisoned_vggmod_CIFAR-10_0231.pt,0.9846656611362494
poisoned_models/trainval/poisoned_vggmod_CIFAR-10_0232.pt,0.9970171513795675
poisoned_models/trainval/poisoned_vggmod_CIFAR-10_0233.pt,0.9917910447761195
poisoned_models/trainval/poisoned_vggmod_CIFAR-10_0234.pt,0.9846656611362494
poisoned_models/trainval/poisoned_vggmod_CIFAR-10_0235.pt,0.9864525840441546
poisoned_models/trainval/poisoned_vggmod_CIFAR-10_0236.pt,0.9833457618692518
poisoned_models/trainval/poisoned_vggmod_CIFAR-10_0237.pt,0.9771314939100174
poisoned_models/trainval/poisoned_vggmod_CIFAR-10_0238.pt,0.9764056224899599
poisoned_models/trainval/poisoned_vggmod_CIFAR-10_0239.pt,0.9917210235825389
poisoned_models/trainval/poisoned_vggmod_CIFAR-10_0240.pt,0.9165625780664501
poisoned_models/trainval/poisoned_vggmod_CIFAR-10_0241.pt,0.9759036144578314
poisoned_models/trainval/poisoned_vggmod_CIFAR-10_0242.pt,0.9615288533599801
poisoned_models/trainval/poisoned_vggmod_CIFAR-10_0243.pt,0.9728915662650602
poisoned_models/trainval/poisoned_vggmod_CIFAR-10_0244.pt,0.9922885572139304
poisoned_models/trainval/poisoned_vggmod_CIFAR-10_0245.pt,0.9427710843373494
poisoned_models/trainval/poisoned_vggmod_CIFAR-10_0246.pt,0.9821787148594378
poisoned_models/trainval/poisoned_vggmod_CIFAR-10_0247.pt,0.9654486701466567
poisoned_models/trainval/poisoned_vggmod_CIFAR-10_0248.pt,0.585820895522388
poisoned_models/trainval/poisoned_vggmod_CIFAR-10_0249.pt,0.98076442667999
poisoned_models/trainval/poisoned_vggmod_CIFAR-10_0250.pt,0.990057171265225
poisoned_models/trainval/poisoned_vggmod_CIFAR-10_0251.pt,0.994982438534872
poisoned_models/trainval/poisoned_vggmod_CIFAR-10_0252.pt,0.9768728004022121
poisoned_models/trainval/poisoned_vggmod_CIFAR-10_0253.pt,0.9698340874811463
poisoned_models/trainval/poisoned_vggmod_CIFAR-10_0254.pt,0.950497512437811
poisoned_models/trainval/poisoned_vggmod_CIFAR-10_0255.pt,0.9565763052208835
poisoned_models/trainval/poisoned_vggmod_CIFAR-10_0256.pt,0.9723880597014926
poisoned_models/trainval/poisoned_vggmod_CIFAR-10_0257.pt,0.9726572209793686
poisoned_models/trainval/poisoned_vggmod_CIFAR-10_0258.pt,0.9854198089492208
poisoned_models/trainval/poisoned_vggmod_CIFAR-10_0259.pt,0.8204051383399209
poisoned_models/trainval/poisoned_vggmod_CIFAR-10_0260.pt,0.971228421315987
poisoned_models/trainval/poisoned_vggmod_CIFAR-10_0261.pt,0.9864253393665159
poisoned_models/trainval/poisoned_vggmod_CIFAR-10_0262.pt,0.9929947460595446
poisoned_models/trainval/poisoned_vggmod_CIFAR-10_0263.pt,0.9932126696832579
poisoned_models/trainval/poisoned_vggmod_CIFAR-10_0264.pt,0.9917210235825389
poisoned_models/trainval/poisoned_vggmod_CIFAR-10_0265.pt,0.98076442667999
poisoned_models/trainval/poisoned_vggmod_CIFAR-10_0266.pt,0.9813571961222968
poisoned_models/trainval/poisoned_vggmod_CIFAR-10_0267.pt,0.9714786089567176
poisoned_models/trainval/poisoned_vggmod_CIFAR-10_0268.pt,0.7888059701492537
poisoned_models/trainval/poisoned_vggmod_CIFAR-10_0269.pt,0.991955756661639
poisoned_models/trainval/poisoned_vggmod_CIFAR-10_0270.pt,0.9932262920220772
poisoned_models/trainval/poisoned_vggmod_CIFAR-10_0271.pt,0.946393280632411
poisoned_models/trainval/poisoned_vggmod_CIFAR-10_0272.pt,0.9316239316239316
poisoned_models/trainval/poisoned_vggmod_CIFAR-10_0273.pt,0.97850790513834
poisoned_models/trainval/poisoned_vggmod_CIFAR-10_0274.pt,0.9922943077305494
poisoned_models/trainval/poisoned_vggmod_CIFAR-10_0275.pt,0.9813571961222968
poisoned_models/trainval/poisoned_vggmod_CIFAR-10_0276.pt,1.0
poisoned_models/trainval/poisoned_vggmod_CIFAR-10_0277.pt,0.9386030325627641
poisoned_models/trainval/poisoned_vggmod_CIFAR-10_0278.pt,0.9598595082789764
poisoned_models/trainval/poisoned_vggmod_CIFAR-10_0279.pt,0.9814350225790266
poisoned_models/trainval/poisoned_vggmod_CIFAR-10_0280.pt,0.9979929754139488
poisoned_models/trainval/poisoned_vggmod_CIFAR-10_0281.pt,0.6817496229260935
poisoned_models/trainval/poisoned_vggmod_CIFAR-10_0282.pt,0.9758886403181706
poisoned_models/trainval/poisoned_vggmod_CIFAR-10_0283.pt,1.0
poisoned_models/trainval/poisoned_vggmod_CIFAR-10_0284.pt,0.999748427672956
poisoned_models/trainval/poisoned_vggmod_CIFAR-10_0285.pt,0.9600301659125189
poisoned_models/trainval/poisoned_vggmod_CIFAR-10_0286.pt,0.9934771700953337
poisoned_models/trainval/poisoned_vggmod_CIFAR-10_0287.pt,0.9428930817610063
poisoned_models/trainval/poisoned_vggmod_CIFAR-10_0288.pt,0.9846887550200804
poisoned_models/trainval/poisoned_vggmod_CIFAR-10_0289.pt,0.9589937106918239
poisoned_models/trainval/poisoned_vggmod_CIFAR-10_0290.pt,0.9676858066119811
poisoned_models/trainval/poisoned_vggmod_CIFAR-10_0291.pt,0.9955257270693513
poisoned_models/trainval/poisoned_vggmod_CIFAR-10_0292.pt,0.9862396797598199
poisoned_models/trainval/poisoned_vggmod_CIFAR-10_0293.pt,0.9875093679740194
poisoned_models/trainval/poisoned_vggmod_CIFAR-10_0294.pt,0.9522744220730798
poisoned_models/trainval/poisoned_vggmod_CIFAR-10_0295.pt,0.9962368289011541
poisoned_models/trainval/poisoned_vggmod_CIFAR-10_0296.pt,0.7756682488133899
poisoned_models/trainval/poisoned_vggmod_CIFAR-10_0297.pt,0.9782608695652174
poisoned_models/trainval/poisoned_vggmod_CIFAR-10_0298.pt,0.8952569169960475
poisoned_models/trainval/poisoned_vggmod_CIFAR-10_0299.pt,0.9855721393034826
poisoned_models/trainval/poisoned_vggmod_CIFAR-10_0300.pt,0.9878109452736319
poisoned_models/trainval/poisoned_vggmod_CIFAR-10_0301.pt,0.9874560963371801
poisoned_models/trainval/poisoned_vggmod_CIFAR-10_0302.pt,1.0
poisoned_models/trainval/poisoned_vggmod_CIFAR-10_0303.pt,0.9874213836477987
poisoned_models/trainval/poisoned_vggmod_CIFAR-10_0304.pt,0.9259909683893628
poisoned_models/trainval/poisoned_vggmod_CIFAR-10_0305.pt,0.7706974410436528
poisoned_models/trainval/poisoned_vggmod_CIFAR-10_0306.pt,0.9752314235676758
poisoned_models/trainval/poisoned_vggmod_CIFAR-10_0307.pt,0.9851981936778725
poisoned_models/trainval/poisoned_vggmod_CIFAR-10_0308.pt,0.9441699604743083
poisoned_models/trainval/poisoned_vggmod_CIFAR-10_0309.pt,0.9862396797598199
poisoned_models/trainval/poisoned_vggmod_CIFAR-10_0310.pt,0.9261363636363636
poisoned_models/trainval/poisoned_vggmod_CIFAR-10_0311.pt,0.8278162055335968
poisoned_models/trainval/poisoned_vggmod_CIFAR-10_0312.pt,0.9869477911646586
poisoned_models/trainval/poisoned_vggmod_CIFAR-10_0313.pt,0.9788679245283018
poisoned_models/trainval/poisoned_vggmod_CIFAR-10_0314.pt,0.9882588058955784
poisoned_models/trainval/poisoned_vggmod_CIFAR-10_0315.pt,0.9600903614457831
poisoned_models/trainval/poisoned_vggmod_CIFAR-10_0316.pt,0.9755974842767295
poisoned_models/trainval/poisoned_vggmod_CIFAR-10_0317.pt,0.9610062893081761
poisoned_models/trainval/poisoned_vggmod_CIFAR-10_0318.pt,0.9859225741578683
poisoned_models/trainval/poisoned_vggmod_CIFAR-10_0319.pt,0.9657861635220126
poisoned_models/trainval/poisoned_vggmod_CIFAR-10_0320.pt,0.9701305220883534
poisoned_models/trainval/poisoned_vggmod_CIFAR-10_0321.pt,0.9904928696522391
poisoned_models/trainval/poisoned_vggmod_CIFAR-10_0322.pt,0.8103361766181636
poisoned_models/trainval/poisoned_vggmod_CIFAR-10_0323.pt,0.9954966224668501
poisoned_models/trainval/poisoned_vggmod_CIFAR-10_0324.pt,0.9435323383084577
poisoned_models/trainval/poisoned_vggmod_CIFAR-10_0325.pt,0.8008506379784839
poisoned_models/trainval/poisoned_vggmod_CIFAR-10_0326.pt,0.9940044966275293
poisoned_models/trainval/poisoned_vggmod_CIFAR-10_0327.pt,0.746268656716418
poisoned_models/trainval/poisoned_vggmod_CIFAR-10_0328.pt,0.9992505620784412
poisoned_models/trainval/poisoned_vggmod_CIFAR-10_0329.pt,0.9937810945273632
poisoned_models/trainval/poisoned_vggmod_CIFAR-10_0330.pt,0.8276292780414689
poisoned_models/trainval/poisoned_vggmod_CIFAR-10_0331.pt,0.9811086254039274
poisoned_models/trainval/poisoned_vggmod_CIFAR-10_0332.pt,0.9445687298036292
poisoned_models/trainval/poisoned_vggmod_CIFAR-10_0333.pt,0.9693313222724987
poisoned_models/trainval/poisoned_vggmod_CIFAR-10_0334.pt,0.729452910317262
poisoned_models/trainval/poisoned_vggmod_CIFAR-10_0335.pt,0.9332664325137983
poisoned_models/trainval/poisoned_vggmod_CIFAR-10_0336.pt,0.9666332162568991
poisoned_models/trainval/poisoned_vggmod_CIFAR-10_0337.pt,0.8672699849170438
poisoned_models/trainval/poisoned_vggmod_CIFAR-10_0338.pt,0.9557232704402516
poisoned_models/trainval/poisoned_vggmod_CIFAR-10_0339.pt,1.0
poisoned_models/trainval/poisoned_vggmod_CIFAR-10_0340.pt,0.9857393044783588
poisoned_models/trainval/poisoned_vggmod_CIFAR-10_0341.pt,0.9811746987951807
poisoned_models/trainval/poisoned_vggmod_CIFAR-10_0342.pt,0.9944695827048768
poisoned_models/trainval/poisoned_vggmod_CIFAR-10_0343.pt,0.9784136546184738
poisoned_models/trainval/poisoned_vggmod_CIFAR-10_0344.pt,0.9752685485885586
poisoned_models/trainval/poisoned_vggmod_CIFAR-10_0345.pt,0.9908028834203331
poisoned_models/trainval/poisoned_vggmod_CIFAR-10_0346.pt,0.9710691823899371
poisoned_models/trainval/poisoned_vggmod_CIFAR-10_0347.pt,0.53411941796287
poisoned_models/trainval/poisoned_vggmod_CIFAR-10_0348.pt,0.9889613647767185
poisoned_models/trainval/poisoned_vggmod_CIFAR-10_0349.pt,0.9811320754716981
poisoned_models/trainval/poisoned_vggmod_CIFAR-10_0350.pt,0.9534591194968554
poisoned_models/trainval/poisoned_vggmod_CIFAR-10_0351.pt,0.9825131151636273
poisoned_models/trainval/poisoned_vggmod_CIFAR-10_0352.pt,0.9863286104896843
poisoned_models/trainval/poisoned_vggmod_CIFAR-10_0353.pt,0.9909433962264151
poisoned_models/trainval/poisoned_vggmod_CIFAR-10_0354.pt,0.49837621783662256
poisoned_models/trainval/poisoned_vggmod_CIFAR-10_0355.pt,0.9884596086302058
poisoned_models/trainval/poisoned_vggmod_CIFAR-10_0356.pt,0.9698795180722891
poisoned_models/trainval/poisoned_vggmod_CIFAR-10_0357.pt,0.9955533596837944
poisoned_models/trainval/poisoned_vggmod_CIFAR-10_0358.pt,0.9709782336752565
poisoned_models/trainval/poisoned_vggmod_CIFAR-10_0359.pt,0.9808949220713926
poisoned_models/trainval/poisoned_vggmod_CIFAR-10_0360.pt,0.991006744941294
poisoned_models/trainval/poisoned_vggmod_CIFAR-10_0361.pt,0.9929754139488208
poisoned_models/trainval/poisoned_vggmod_CIFAR-10_0362.pt,0.9871794871794872
poisoned_models/trainval/poisoned_vggmod_CIFAR-10_0363.pt,0.6337252939704778
poisoned_models/trainval/poisoned_vggmod_CIFAR-10_0364.pt,0.9797430830039525
poisoned_models/trainval/poisoned_vggmod_CIFAR-10_0365.pt,0.9688911189162067
poisoned_models/trainval/poisoned_vggmod_CIFAR-10_0366.pt,0.9328859060402684
poisoned_models/trainval/poisoned_vggmod_CIFAR-10_0367.pt,0.9887415561671253
poisoned_models/trainval/poisoned_vggmod_CIFAR-10_0368.pt,0.9594696022016512
poisoned_models/trainval/poisoned_vggmod_CIFAR-10_0369.pt,0.9880686055182699
poisoned_models/trainval/poisoned_vggmod_CIFAR-10_0370.pt,0.9987449799196787
poisoned_models/trainval/poisoned_vggmod_CIFAR-10_0371.pt,0.9511949685534591
poisoned_models/trainval/poisoned_vggmod_CIFAR-10_0372.pt,0.9431446540880503
poisoned_models/trainval/poisoned_vggmod_CIFAR-10_0373.pt,0.9942298043151029
poisoned_models/trainval/poisoned_vggmod_CIFAR-10_0374.pt,0.9367588932806324
poisoned_models/trainval/poisoned_vggmod_CIFAR-10_0375.pt,0.9792655508368724
poisoned_models/trainval/poisoned_vggmod_CIFAR-10_0376.pt,0.8138205319413373
poisoned_models/trainval/poisoned_vggmod_CIFAR-10_0377.pt,0.9831911690918214
poisoned_models/trainval/poisoned_vggmod_CIFAR-10_0378.pt,0.9937280481685901
poisoned_models/trainval/poisoned_vggmod_CIFAR-10_0379.pt,0.9833457618692518
poisoned_models/trainval/poisoned_vggmod_CIFAR-10_0380.pt,0.9639328063241107
poisoned_models/trainval/poisoned_vggmod_CIFAR-10_0381.pt,0.970917225950783
poisoned_models/trainval/poisoned_vggmod_CIFAR-10_0382.pt,0.7038993710691824
poisoned_models/trainval/poisoned_vggmod_CIFAR-10_0383.pt,0.9420180722891566
poisoned_models/trainval/poisoned_vggmod_CIFAR-10_0384.pt,0.9737302977232924
poisoned_models/trainval/poisoned_vggmod_CIFAR-10_0385.pt,0.7786144578313253
poisoned_models/trainval/poisoned_vggmod_CIFAR-10_0386.pt,0.9768553459119497
poisoned_models/trainval/poisoned_vggmod_CIFAR-10_0387.pt,0.9751429281630624
poisoned_models/trainval/poisoned_vggmod_CIFAR-10_0388.pt,0.9772670497127155
poisoned_models/trainval/poisoned_vggmod_CIFAR-10_0389.pt,0.9771586345381527
poisoned_models/trainval/poisoned_vggmod_CIFAR-10_0390.pt,0.9284116331096197
poisoned_models/trainval/poisoned_vggmod_CIFAR-10_0391.pt,0.9922943077305494
poisoned_models/trainval/poisoned_vggmod_CIFAR-10_0392.pt,0.9855721393034826
poisoned_models/trainval/poisoned_vggmod_CIFAR-10_0393.pt,0.916937703277458
poisoned_models/trainval/poisoned_vggmod_CIFAR-10_0394.pt,0.9088855421686747
poisoned_models/trainval/poisoned_vggmod_CIFAR-10_0395.pt,0.9995003747189608
poisoned_models/trainval/poisoned_vggmod_CIFAR-10_0396.pt,0.6683391871550427
poisoned_models/trainval/poisoned_vggmod_CIFAR-10_0397.pt,0.9947315604616157
poisoned_models/trainval/poisoned_vggmod_CIFAR-10_0398.pt,0.9887584311766175
poisoned_models/trainval/poisoned_vggmod_CIFAR-10_0399.pt,0.9907175112895132
poisoned_models/trainval/poisoned_vggmod_CIFAR-10_0400.pt,0.9804216867469879
poisoned_models/trainval/poisoned_vggmod_CIFAR-10_0401.pt,0.987759180614539
poisoned_models/trainval/poisoned_vggmod_CIFAR-10_0402.pt,0.9733201581027668
poisoned_models/trainval/poisoned_vggmod_CIFAR-10_0403.pt,0.995306324110672
poisoned_models/trainval/poisoned_vggmod_CIFAR-10_0404.pt,0.9846964375313597
poisoned_models/trainval/poisoned_vggmod_CIFAR-10_0405.pt,0.9849056603773585
poisoned_models/trainval/poisoned_vggmod_CIFAR-10_0406.pt,0.9919719016557953
poisoned_models/trainval/poisoned_vggmod_CIFAR-10_0407.pt,0.9794846134600951
poisoned_models/trainval/poisoned_vggmod_CIFAR-10_0408.pt,0.7908496732026143
poisoned_models/trainval/poisoned_vggmod_CIFAR-10_0409.pt,1.0
poisoned_models/trainval/poisoned_vggmod_CIFAR-10_0410.pt,0.9381598793363499
poisoned_models/trainval/poisoned_vggmod_CIFAR-10_0411.pt,0.7831626280289783
poisoned_models/trainval/poisoned_vggmod_CIFAR-10_0412.pt,0.9755434782608695
poisoned_models/trainval/poisoned_vggmod_CIFAR-10_0413.pt,0.9710968379446641
poisoned_models/trainval/poisoned_vggmod_CIFAR-10_0414.pt,0.9824868651488616
poisoned_models/trainval/poisoned_vggmod_CIFAR-10_0415.pt,0.9942298043151029
poisoned_models/trainval/poisoned_vggmod_CIFAR-10_0416.pt,0.9578313253012049
poisoned_models/trainval/poisoned_vggmod_CIFAR-10_0417.pt,0.9814350225790266
poisoned_models/trainval/poisoned_vggmod_CIFAR-10_0418.pt,0.9626191670847968
poisoned_models/trainval/poisoned_vggmod_CIFAR-10_0419.pt,0.9803921568627451
poisoned_models/trainval/poisoned_vggmod_CIFAR-10_0420.pt,0.9631024096385542
poisoned_models/trainval/poisoned_vggmod_CIFAR-10_0421.pt,0.9987456096337181
poisoned_models/trainval/poisoned_vggmod_CIFAR-10_0422.pt,0.9691772309221973
poisoned_models/trainval/poisoned_vggmod_CIFAR-10_0423.pt,0.9595883534136547
poisoned_models/trainval/poisoned_vggmod_CIFAR-10_0424.pt,0.994495871903928
poisoned_models/trainval/poisoned_vggmod_CIFAR-10_0425.pt,0.994982438534872
poisoned_models/trainval/poisoned_vggmod_CIFAR-10_0426.pt,0.9563253012048193
poisoned_models/trainval/poisoned_vggmod_CIFAR-10_0427.pt,0.950188679245283
poisoned_models/trainval/poisoned_vggmod_CIFAR-10_0428.pt,0.7947817360762669
poisoned_models/trainval/poisoned_vggmod_CIFAR-10_0429.pt,0.9914701455092825
poisoned_models/trainval/poisoned_vggmod_CIFAR-10_0430.pt,0.9874560963371801
poisoned_models/trainval/poisoned_vggmod_CIFAR-10_0431.pt,0.9938241106719368
poisoned_models/trainval/poisoned_vggmod_CIFAR-10_0432.pt,0.9760375494071146
poisoned_models/trainval/poisoned_vggmod_CIFAR-10_0433.pt,0.983433734939759
poisoned_models/trainval/poisoned_vggmod_CIFAR-10_0434.pt,0.8573569822633025
poisoned_models/trainval/poisoned_vggmod_CIFAR-10_0435.pt,0.9801806322127447
poisoned_models/trainval/poisoned_vggmod_CIFAR-10_0436.pt,0.877363184079602
poisoned_models/trainval/poisoned_vggmod_CIFAR-10_0437.pt,0.6016566265060241
poisoned_models/trainval/poisoned_vggmod_CIFAR-10_0438.pt,0.9935770750988142
poisoned_models/trainval/poisoned_vggmod_CIFAR-10_0439.pt,0.9870743226447924
poisoned_models/trainval/poisoned_vggmod_CIFAR-10_0440.pt,0.9882588058955784
poisoned_models/trainval/poisoned_vggmod_CIFAR-10_0441.pt,0.9882411808856643
poisoned_models/trainval/poisoned_vggmod_CIFAR-10_0442.pt,0.567193675889328
poisoned_models/trainval/poisoned_vggmod_CIFAR-10_0443.pt,0.9637771671246566
poisoned_models/trainval/poisoned_vggmod_CIFAR-10_0444.pt,0.9813976872800402
poisoned_models/trainval/poisoned_vggmod_CIFAR-10_0445.pt,0.9575098814229249
poisoned_models/trainval/poisoned_vggmod_CIFAR-10_0446.pt,0.9863286104896843
poisoned_models/trainval/poisoned_vggmod_CIFAR-10_0447.pt,0.8940880503144654
poisoned_models/trainval/poisoned_vggmod_CIFAR-10_0448.pt,0.9803482587064677
poisoned_models/trainval/poisoned_vggmod_CIFAR-10_0449.pt,0.9726572209793686
poisoned_models/trainval/poisoned_vggmod_CIFAR-10_0450.pt,0.9907960199004975
poisoned_models/trainval/poisoned_vggmod_CIFAR-10_0451.pt,0.4942298043151029
poisoned_models/trainval/poisoned_vggmod_CIFAR-10_0452.pt,0.9867034621174109
poisoned_models/trainval/poisoned_vggmod_CIFAR-10_0453.pt,0.9957350727546412
poisoned_models/trainval/poisoned_vggmod_CIFAR-10_0454.pt,0.9823383084577114
poisoned_models/trainval/poisoned_vggmod_CIFAR-10_0455.pt,0.9447085313985489
poisoned_models/trainval/poisoned_vggmod_CIFAR-10_0456.pt,0.9880597014925373
poisoned_models/trainval/poisoned_vggmod_CIFAR-10_0457.pt,0.94947209653092
poisoned_models/trainval/poisoned_vggmod_CIFAR-10_0458.pt,0.9947209653092006
poisoned_models/trainval/poisoned_vggmod_CIFAR-10_0459.pt,0.9925428784489188
poisoned_models/trainval/poisoned_vggmod_CIFAR-10_0460.pt,0.9874560963371801
poisoned_models/trainval/poisoned_vggmod_CIFAR-10_0461.pt,0.9822633025231077
poisoned_models/trainval/poisoned_vggmod_CIFAR-10_0462.pt,0.9824604743083004
poisoned_models/trainval/poisoned_vggmod_CIFAR-10_0463.pt,0.8597591570496739
poisoned_models/trainval/poisoned_vggmod_CIFAR-10_0464.pt,0.9447761194029851
poisoned_models/trainval/poisoned_vggmod_CIFAR-10_0465.pt,1.0
poisoned_models/trainval/poisoned_vggmod_CIFAR-10_0466.pt,0.9775168623532351
poisoned_models/trainval/poisoned_vggmod_CIFAR-10_0467.pt,0.9522373051784816
poisoned_models/trainval/poisoned_vggmod_CIFAR-10_0468.pt,0.9915063702223332
poisoned_models/trainval/poisoned_vggmod_CIFAR-10_0469.pt,0.9609707280460346
poisoned_models/trainval/poisoned_vggmod_CIFAR-10_0470.pt,0.9900074943792155
poisoned_models/trainval/poisoned_vggmod_CIFAR-10_0471.pt,0.6617463097322992
poisoned_models/trainval/poisoned_vggmod_CIFAR-10_0472.pt,0.9784244856999498
poisoned_models/trainval/poisoned_vggmod_CIFAR-10_0473.pt,0.941699604743083
poisoned_models/trainval/poisoned_vggmod_CIFAR-10_0474.pt,0.9914529914529915
poisoned_models/trainval/poisoned_vggmod_CIFAR-10_0475.pt,0.9939759036144579
poisoned_models/trainval/poisoned_vggmod_CIFAR-10_0476.pt,0.7538964303670186
poisoned_models/trainval/poisoned_vggmod_CIFAR-10_0477.pt,0.9744104365278474
poisoned_models/trainval/poisoned_vggmod_CIFAR-10_0478.pt,0.9756648268941295
poisoned_models/trainval/poisoned_vggmod_CIFAR-10_0479.pt,0.9927245358755645
poisoned_models/trainval/poisoned_vggmod_CIFAR-10_0480.pt,0.540377358490566
poisoned_models/trainval/poisoned_vggmod_CIFAR-10_0481.pt,0.9661144578313253
poisoned_models/trainval/poisoned_vggmod_CIFAR-10_0482.pt,0.6932730923694779
poisoned_models/trainval/poisoned_vggmod_CIFAR-10_0483.pt,0.9776100628930817
poisoned_models/trainval/poisoned_vggmod_CIFAR-10_0484.pt,0.9893774703557312
poisoned_models/trainval/poisoned_vggmod_CIFAR-10_0485.pt,0.9595303522358232
poisoned_models/trainval/poisoned_vggmod_CIFAR-10_0486.pt,0.9487951807228916
poisoned_models/trainval/poisoned_vggmod_CIFAR-10_0487.pt,0.9456603773584905
poisoned_models/trainval/poisoned_vggmod_CIFAR-10_0488.pt,0.9829872404303227
poisoned_models/trainval/poisoned_vggmod_CIFAR-10_0489.pt,0.9872595553334998
poisoned_models/trainval/poisoned_vggmod_CIFAR-10_0490.pt,0.9565763052208835
poisoned_models/trainval/poisoned_vggmod_CIFAR-10_0491.pt,0.9412650602409639
poisoned_models/trainval/poisoned_vggmod_CIFAR-10_0492.pt,0.6306239125031071
poisoned_models/trainval/poisoned_vggmod_CIFAR-10_0493.pt,0.9735671936758893
poisoned_models/trainval/poisoned_vggmod_CIFAR-10_0494.pt,0.9914529914529915
poisoned_models/trainval/poisoned_vggmod_CIFAR-10_0495.pt,0.9839438033115906
poisoned_models/trainval/poisoned_vggmod_CIFAR-10_0496.pt,0.9098895582329317
poisoned_models/trainval/poisoned_vggmod_CIFAR-10_0497.pt,0.9871698113207548
poisoned_models/trainval/poisoned_vggmod_CIFAR-10_0498.pt,0.9840914740243599
poisoned_models/trainval/poisoned_vggmod_CIFAR-10_0499.pt,0.9584886900323142
